순번,뉴스내용
2020050700 ,"○ 독성 해파리인 노무라입깃해파리 및 작은상자해파리 출현함에 따라 대량 발생 및 어업 피해 발생 시 즉시 통보"
2020050700 ,"○ 보름달물해파리 및 노무라입깃해파리 출현 해역 증가 전망"
2020051400 ,"  ○ 다양한 강독성해파리 출현하고 있어 발생해역에서는 주의바람  ○ 대량출현 및 어업피해 발생 시 통보바람"
2020051400 ,"  ○ 보름달물해파리 및 노무라입깃해파리 출현 해역 증가 전망"
2014120807 ,"○ 전남 득량만 해역 보름달물해파리 주의경보 발령(6.19~)○ 경남 전해역 보름달물해파리 주의경보 발령(8.19~)"
2020091700 ,"  ○ 노무라입깃해파리 주의보 발령  ○ (제주, 전남, 경남: 6.16/ 부산: 7.29/ 울산, 경북: 8.7/ 강원: 8.19)  ○ 보름달물해파리 주의보 발령(전남 득량만, 경남 남해~거제/6.16)  ○ 해파리 대량 출현 및 어업피해 발생 시 즉시 통보  ○ 경북, 강원 해역 독성해파리 유입이 있으므로 주의 및 발생 즉시 통보		"
2020091700 ,"  ○ 주의보 발령된 전남, 경남, 부산~강원 해역에 노무라입깃해파리 유입 지속  ○ 보름달물해파리 점차 감소 추세"
2020120300 ,"○ 노무라입깃해파리, 보름달물해파리 전 해역 곧 소멸"
2021081200 ,"  ○ 노무라입깃해파리 주의 단계 특보발령     - 전남, 제주 (6.23.)     - 경남~경북 (7.19.)     - 강원 (7.30.)  ○ 보름달물해파리 주의단계 특보발령     - 전남 득량만~경남 (6.23.)  ○ 해파리 대량출현 및 어업피해 시 즉시 통보 요망  ○ 독성해파리 출현증가에 따른 예찰 강화"
2020120300 ,"○ 노무라입깃해파리 주의보 해제(11.11)	○ 보름달물해파리 주의보 해제(11.11)		"
2021081200 ,"  ○ 경북강원 노무라입깃해파리 지속적으로 고밀도 출현 전망  ○ 제주, 경남, 부산~강원 연안 독성해파리(작은상자해파리) 출현 "
2014120807 ,"○ 노무라입깃해파리 출현률 소폭 증가 ○ 보름달물해파리의 분포와 출현률은 지속적으로 감소"
2014120504 ,"○ 전남 득량만 해역 보름달물해파리 주의경보 발령(6.19~)○ 경남 전해역 보름달물해파리 주의경보 발령(8.19~)"
2014120504 ,"○ 노무라입깃해파리 및 보름달물해파리 출현률 지속 감소"
2015102900 ," ○ 노무라입깃해파리 및 보름달물해파리 연안 해역 감소 전망"
2015111200 ,"  ○ 전남 득량만 해역과 경남 전 해역에 발령된 보름달물해파리 주의보를 11월 4일자로 해제함  ○ 미기록 또는 맹독성 해파리의 출현 및 어업피해 발생 시 즉시 통보    ○ 서해 및 남해 연안해역의 해파리의 모니터링    ○ 붙임 5. “표류부이 이동궤적”을 참조하여 연근해 접근시 해파리 모니터링 강화   ※ 표류부이는 노무라입깃해파리의 이동을 추정하기 위한 기기로서 노무라입깃해파리의 대표적 서식수심인 5m에 투하하여 그 수심의 해류를 따라 이동함   ※ 표류부이의 자료는 노무라입깃해파리의 이동을 유추하는데 사용되며 실측 자료와는 다를 수 있음"
2015102900 ,"  ○ 미기록 또는 맹독성 해파리의 출현 및 어업피해 발생 시 즉시 통보  ○ 서해 및 남해 연안해역의 해파리의 모니터링  ○ 붙임 5. “표류부이 이동궤적”을 참조하여 연근해 접근시 해파리 모니터링 강화  ※ 표류부이는 노무라입깃해파리의 이동을 추정하기 위한 기기로서 노무라입깃해파리의 대표적 서식수심인 5m에 투하하여 그 수심의 해류를 따라 이동함  ※ 표류부이의 자료는 노무라입깃해파리의 이동을 유추하는데 사용되며 실측 자료와는 다를 수 있음"
2015111200 ,"  ○ 노무라입깃해파리 및 보름달물해파리 연안 해역 감소 전망"
2014120804 ,"○ 전남 득량만 해역 보름달물해파리 주의경보 발령(6.19~)○ 경남 전해역 보름달물해파리 주의경보 발령(8.19~)"
2014120805 ,"○ 전남 득량만 해역 보름달물해파리 주의경보 발령(6.19~)○ 경남 전해역 보름달물해파리 주의경보 발령(8.19~)"
2014120805 ,"○ 노무라입깃해파리 출현률 소폭 증가 후 감소 ○ 보름달물해파리의 분포와 출현률은 지속적으로 감소"
2014120804 ,"○ 노무라입깃해파리 출현률 소폭 증가 후 감소 ○ 보름달물해파리의 분포와 출현률은 지속적으로 감소"
2014120806 ,"○ 전남 득량만 해역 보름달물해파리 주의경보 발령(6.19~)○ 경남 전해역 보름달물해파리 주의경보 발령(8.19~)"
2014120806 ,"○ 노무라입깃해파리 출현률 소폭 감소○ 보름달물해파리의 분포와 출현률은 지속적으로 감소"
2015100800 ,"  ○ 미기록 또는 맹독성 해파리의 출현 및 어업피해 발생 시 즉시 통보○ 서해 및 남해 연안해역의 노무라입깃해파리의 모니터링○ 전남 득량만 및 경남 전해역 보름달물해파리 주의보 발령에 따른 해파리모니터링 및 제거작업 수행○ 붙임 5. “표류부이 이동궤적”을 참조하여 연근해 접근시 해파리 모니터링 강화  ※ 표류부이는 노무라입깃해파리의 이동을 추정하기 위한 기기로서 노무라입깃해파리의 대표적 서식수심인 5m에 투하하여 그 수심의 해류를 따라 이동함※ 표류부이의 자료는 노무라입깃해파리의 이동을 유추하는데 사용되며 실측 자료와는 다를 수 있음"
2015100800 ,"  ○ 노무라입깃해파리 및 보름달물해파리 연안 해역 밀집출현 가능"
2017080300 ,"○ 보름달물해파리 밀집출현 해역 지자체 모니터링 강화 요망○ 대량출현 및 어업피해 발생 시 즉시 통보○ 미기록 또는 맹독성 해파리 발생 시 즉시 통보○ 독성해파리 출현증가가 예상되므로 해수욕장 주의 요망○ 보름달물해파리 주의보발령에 따른 해파리 모니터링 강화 및    제거작업 수행 바람  - 발령일 : 2017년 8월 1일  - 발령해역 : 전라남도 득량만(고흥, 보성, 장흥) 해역"
2017081000 ,"  ○ 꽃모자갈퀴손해파리 등 독성해파리가 출현하는  해수욕장은 사전 경고방송 및 입욕통제 등 안전조치 요망  ○ 미기록 또는 맹독성 해파리 발생 시 즉시 통보  ○ 대량출현 및 어업피해 발생 시 즉시 통보  ○ 보름달물해파리 주의보발령에 따른 해파리 모니터링 강화 및      제거작업 수행 바람    - 발령해역 : 전라남도 득량만(고흥, 보성, 장흥) 해역(2017년 8월 1일),                 경남 고성군 자란만 해역(2017년 7월 20일)"
2015100804 ,"  ○ 미기록 또는 맹독성 해파리의 출현 및 어업피해 발생 시 즉시 통보  ○ 서해 및 남해 연안해역의 노무라입깃해파리의 모니터링  ○ 전남 득량만 및 경남 전해역 보름달물해파리 주의보 발령에 따른 해파리모니터링 및 제거작업 수행  ○ 붙임 5. “표류부이 이동궤적”을 참조하여 연근해 접근시 해파리 모니터링 강화  ※ 표류부이는 노무라입깃해파리의 이동을 추정하기 위한 기기로서 노무라입깃해파리의 대표적 서식수심인 5m에 투하하여 그 수심의 해류를 따라 이동함  ※ 표류부이의 자료는 노무라입깃해파리의 이동을 유추하는데 사용되며 실측 자료와는 다를 수 있음"
2015100804 ,"  ○ 노무라입깃해파리 지속 출현  ○ 노무라입깃해파리 및 보름달물해파리 연안 해역 밀집출현 가능"
2014120501 ,"○ 전남 득량만 해역 보름달물해파리 주의경보 발령(6.19~)○ 경남 전해역 보름달물해파리 주의경보 발령(8.19~)"
2014120501 ,"○ 노무라입깃해파리 및 보름달물해파리 출현률 지속 감소"
2014120800 ,"○ 전남 득량만 해역 보름달물해파리 주의경보 발령(6.19~)○ 경남 전해역 보름달물해파리 주의경보 발령(8.19~)"
2014120800 ,"○ 노무라입깃해파리 및 보름달물해파리 출현률 지속 감소"
2014120803 ,"○ 전남 득량만 해역 보름달물해파리 주의경보 발령(6.19~)○ 경남 전해역 보름달물해파리 주의경보 발령(8.19~)"
2014120803 ,"○ 노무라입깃해파리 출현률 소폭 감소○ 보름달물해파리의 분포와 출현률은 지속적으로 감소"
2015100805 ,"  ○ 노무라입깃해파리 및 보름달물해파리 연안 해역 밀집출현 가능"
2015101500 ,"  ○ 미기록 또는 맹독성 해파리의 출현 및 어업피해 발생 시 즉시 통보  ○ 서해 및 남해 연안해역의 노무라입깃해파리의 모니터링  ○ 전남 득량만 및 경남 전해역 보름달물해파리 주의보 발령에 따른 해파리모니터링 및 제거작업 수행  ○ 붙임 5. “표류부이 이동궤적”을 참조하여 연근해 접근시 해파리 모니터링 강화  ※ 표류부이는 노무라입깃해파리의 이동을 추정하기 위한 기기로서 노무라입깃해파리의 대표적 서식수심인 5m에 투하하여 그 수심의 해류를 따라 이동함  ※ 표류부이의 자료는 노무라입깃해파리의 이동을 유추하는데 사용되며 실측 자료와는 다를 수 있음"
2015100805 ,"  ○ 미기록 또는 맹독성 해파리의 출현 및 어업피해 발생 시 즉시 통보  ○ 서해 및 남해 연안해역의 노무라입깃해파리의 모니터링  ○ 전남 득량만 및 경남 전해역 보름달물해파리 주의보 발령에 따른 해파리모니터링 및 제거작업 수행  ○ 붙임 5. “표류부이 이동궤적”을 참조하여 연근해 접근시 해파리 모니터링 강화  ※ 표류부이는 노무라입깃해파리의 이동을 추정하기 위한 기기로서 노무라입깃해파리의 대표적 서식수심인 5m에 투하하여 그 수심의 해류를 따라 이동함  ※ 표류부이의 자료는 노무라입깃해파리의 이동을 유추하는데 사용되며 실측 자료와는 다를 수 있음"
2015101500 ," ○ 노무라입깃해파리 및 보름달물해파리 연안 해역 밀집출현 가능"
2015110500 ,"  ○ 전남 득량만 해역과 경남 전 해역에 발령된 보름달물해파리 주의보를 11월 4일자로 해제함  ○ 미기록 또는 맹독성 해파리의 출현 및 어업피해 발생 시 즉시 통보  ○ 서해 및 남해 연안해역의 해파리의 모니터링  ○ 붙임 5. “표류부이 이동궤적”을 참조하여 연근해 접근시 해파리 모니터링 강화   ※ 표류부이는 노무라입깃해파리의 이동을 추정하기 위한 기기로서 노무라입깃해파리의 대표적 서식수심인 5m에 투하하여 그 수심의 해류를 따라 이동함   ※ 표류부이의 자료는 노무라입깃해파리의 이동을 유추하는데 사용되며 실측 자료와는 다를 수 있음"
2015110500 ,"  ○ 노무라입깃해파리 및 보름달물해파리 연안 해역 감소 전망"
2015112600 ,"  ○ 전남 득량만 해역과 경남 전 해역에 발령된 보름달물해파리 주의보를 11월 4일자로 해제함  ○ 미기록 또는 맹독성 해파리의 출현 및 어업피해 발생 시 즉시 통보  ○ 서해 및 남해 연안해역의 해파리의 모니터링  ○ 붙임 5. “표류부이 이동궤적”을 참조하여 연근해 접근시 해파리 모니터링 강화  ※ 표류부이는 노무라입깃해파리의 이동을 추정하기 위한 기기로서 노무라입깃해파리의 대표적 서식수심인 5m에 투하하여 그 수심의 해류를 따라 이동함  ※ 표류부이의 자료는 노무라입깃해파리의 이동을 유추하는데 사용되며 실측 자료와는 다를 수 있음"
2015112600 ,"  ○ 노무라입깃해파리 및 보름달물해파리 연안 해역 감소 전망"
2014120503 ,"○ 노무라입깃해파리 및 보름달물해파리 출현률 지속 감소"
2014120801 ,"○ 전남 득량만 해역 보름달물해파리 주의경보 발령(6.19~)○ 경남 전해역 보름달물해파리 주의경보 발령(8.19~)"
2014120801 ,"○ 노무라입깃해파리 및 보름달물해파리 출현률 지속 감소"
2014120802 ,"○ 전남 득량만 해역 보름달물해파리 주의경보 발령(6.19~)○ 경남 전해역 보름달물해파리 주의경보 발령(8.19~)"
2014120503 ,"○ 전남 득량만 해역 보름달물해파리 주의경보 발령(6.19~)○ 경남 전해역 보름달물해파리 주의경보 발령(8.19~)"
2014120802 ,"○ 노무라입깃해파리 출현률 소폭 감소 ○ 보름달물해파리의 분포와 출현률은 지속적으로 감소"
2015100802 ,"  ○ 미기록 또는 맹독성 해파리의 출현 및 어업피해 발생 시 즉시 통보  ○ 서해 및 남해 연안해역의 노무라입깃해파리의 모니터링  ○ 전남 득량만 및 경남 전해역 보름달물해파리 주의보 발령에 따른 해파리모니터링 및 제거작업 수행  ○ 붙임 5. “표류부이 이동궤적”을 참조하여 연근해 접근시 해파리 모니터링 강화  ※ 표류부이는 노무라입깃해파리의 이동을 추정하기 위한 기기로서 노무라입깃해파리의 대표적 서식수심인 5m에 투하하여 그 수심의 해류를 따라 이동함  ※ 표류부이의 자료는 노무라입깃해파리의 이동을 유추하는데 사용되며 실측 자료와는 다를 수 있음"
2019090500 ,"		  ○ 제주, 전남, 경남, 부산, 울산, 경북 해역 노무라입깃해파리 주의보 발령     ※ 지자체 제거작업 수행 중  ○ 경기, 인천, 충남 모니터링 철저   ○ 맹독성·미기록종 해파리 출현 시 즉시 통보	"
2015100801 ,"  ○ 미기록 또는 맹독성 해파리의 출현 및 어업피해 발생 시 즉시 통보  ○ 서해 및 남해 연안해역의 노무라입깃해파리의 모니터링강화  ○ 전남 득량만 및 경남 전해역 보름달물해파리 주의보 발령에 따른 해파리모니터링 및 제거작업 수행  ○ 붙임 5. “표류부이 이동궤적”을 참조하여 연근해 접근시 해파리 모니터링 강화  ※ 표류부이는 노무라입깃해파리의 이동을 추정하기 위한 기기로서 노무라입깃해파리의 대표적 서식수심인 5m에 투하하여 그 수심의 해류를 따라 이동함  ※ 표류부이의 자료는 노무라입깃해파리의 이동을 유추하는데 사용되며 실측 자료와는 다를 수 있음"
2021050600 ,"  ○ 보름달물해파리 출현 증가 전망"
2015100801 ,"  ○ 노무라입깃해파리 출현률 증가  ○ 노무라입깃해파리 및 보름달물해파리 연안 해역 밀집출현 가능"
2015100802 ,"  ○ 노무라입깃해파리 지속 출현  ○ 노무라입깃해파리 및 보름달물해파리 연안 해역 밀집출현 가능"
2015100803 ,"  ○ 미기록 또는 맹독성 해파리의 출현 및 어업피해 발생 시 즉시 통보  ○ 서해 및 남해 연안해역의 노무라입깃해파리의 모니터링  ○ 전남 득량만 및 경남 전해역 보름달물해파리 주의보 발령에 따른 해파리모니터링 및 제거작업 수행  ○ 붙임 5. “표류부이 이동궤적”을 참조하여 연근해 접근시 해파리 모니터링 강화  ※ 표류부이는 노무라입깃해파리의 이동을 추정하기 위한 기기로서 노무라입깃해파리의 대표적 서식수심인 5m에 투하하여 그 수심의 해류를 따라 이동함  ※ 표류부이의 자료는 노무라입깃해파리의 이동을 유추하는데 사용되며 실측 자료와는 다를 수 있음"
2015100803 ,"  ○ 노무라입깃해파리 지속 출현  ○ 노무라입깃해파리 및 보름달물해파리 연안 해역 밀집출현 가능"
2015111900 ,"  ○ 전남 득량만 해역과 경남 전 해역에 발령된 보름달물해파리 주의보를 11월 4일자로 해제함  ○ 미기록 또는 맹독성 해파리의 출현 및 어업피해 발생 시 즉시 통보  ○ 서해 및 남해 연안해역의 해파리의 모니터링  ○ 붙임 5. “표류부이 이동궤적”을 참조하여 연근해 접근시 해파리 모니터링 강화  ※ 표류부이는 노무라입깃해파리의 이동을 추정하기 위한 기기로서 노무라입깃해파리의 대표적 서식수심인 5m에 투하하여 그 수심의 해류를 따라 이동함 ※ 표류부이의 자료는 노무라입깃해파리의 이동을 유추하는데 사용되며 실측 자료와는 다를 수 있음"
2015111900 ,"  ○ 노무라입깃해파리 및 보름달물해파리 연안 해역 감소 전망"
2014120500 ,"○ 전남 득량만 해역 보름달물해파리 주의경보 발령(6.19~)○ 경남 전해역 보름달물해파리 주의경보 발령(8.19~)"
2014120500 ,"○ 노무라입깃해파리 및 보름달물해파리 출현률 지속 감소"
2014120502 ,"○ 전남 득량만 해역 보름달물해파리 관심경보 발령 해제(6.19~12.1)○ 경남 전해역 보름달물해파리 주의경보 발령 해제(8.19~12.1)"
2014120502 ,"○ 노무라입깃해파리 및 보름달물해파리 출현률 지속 감소"
2015102300 ,"  ○ 미기록 또는 맹독성 해파리의 출현 및 어업피해 발생 시 즉시 통보  ○ 서해 및 남해 연안해역의 노무라입깃해파리의 모니터링  ○ 전남 득량만 및 경남 전해역 보름달물해파리 주의보 발령에 따른 해파리모니터링 및 제거작업 수행  ○ 붙임 5. “표류부이 이동궤적”을 참조하여 연근해 접근시 해파리 모니터링 강화  ※ 표류부이는 노무라입깃해파리의 이동을 추정하기 위한 기기로서 노무라입깃해파리의 대표적 서식수심인 5m에 투하하여 그 수심의 해류를 따라 이동함  ※ 표류부이의 자료는 노무라입깃해파리의 이동을 유추하는데 사용되며 실측 자료와는 다를 수 있음"
2015102300 ,"  ○ 노무라입깃해파리 및 보름달물해파리 연안 해역 밀집출현 가능"
2015120300 ,"  ○ 미기록 또는 맹독성 해파리의 출현 및 어업피해 발생 시 즉시 통보  ○ 서해 및 남해 연안해역의 해파리의 모니터링  ○ 붙임 5. “표류부이 이동궤적”을 참조하여 연근해 접근시 해파리 모니터링 강화  ※ 표류부이는 노무라입깃해파리의 이동을 추정하기 위한 기기로서 노무라입깃해파리의 대표적 서식수심인 5m에 투하하여 그 수심의 해류를 따라 이동함  ※ 표류부이의 자료는 노무라입깃해파리의 이동을 유추하는데 사용되며 실측 자료와는 다를 수 있음"
2015120300 ,"  ○ 노무라입깃해파리 및 보름달물해파리 연안 해역 감소 전망"
2016060201 ,"○ 대량출현 및 어업피해 발생 시 즉시 통보○ 미기록 또는 맹독성 해파리 발생 시 즉시 통보"
2016060201 ,"○ 보름달물해파리 밀집 출현 해역 증가예상"
2016060200 ,"○ 대량출현 및 어업피해 발생 시 즉시 통보○ 미기록 또는 맹독성 해파리 발생 시 즉시 통보"
2016060200 ,"○ 보름달물해파리 밀집 출현 해역 증가예상"
2016082600 ,"□ 조치사항  ○ 보름달물해파리 주의보 발령해역    - 2016년 6월 2일, 경남 고성군 자란만 및 고성만 해역    - 2016년 7월 7일, 전북 전체 해역     - 2016년 7월 27일, 경남 전체 해역    - 2016년 7월 27일, 전남 전체 해역  ○ 노무라입깃해파리 주의보 발령해역    - 2016년 8월 5일, 경남 거제, 부산, 울산, 경북 포항 해역     * 지자체 제거작업 수행 중□ 지자체, 어업인 등 협조사항  ○ 대량출현 및 어업피해 발생 시 즉시 통보 바람  ○ 독성해파리가 지속 출현하고 있어 해수욕장 안전사고에 각별한 주의 요망   - 노무라입깃해파리, 커튼원양해파리 등 독성해파리가 지속적으로 출현하고 있어 각별한 주의가 요망됨    * 출현해역은 해파리 주간 동향의 세부 출현해역 참조  ○ 미기록 또는 맹독성 해파리 발생 시 즉시 통보 바람  ○ 해파리 주의보발령에 따른 모니터링 강화 및 제거작업 수행 바람□ 금후전망  ○ 연안의 보름달물해파리 출현은 점진적 감소 전망  ○ 태풍 등의 기상 변화에 따라 노무라입깃해파리는 연안에 집적 출현 가능성이 있음  ○ 일부 독성해파리는 연안에서 출현할 가능성이 있음 "
2017060100 ,"○ 보름달물해파리 밀집출현 해역 관할기관 모니터링 수행 요망○ 대량출현 및 어업피해 발생 시 즉시 통보○ 미기록 또는 맹독성 해파리 발생 시 즉시 통보			"
2019112100 ,"○ 대량 발생 해파리 발견율 지속 감소 전망"
2019112800 ,"			"
2016080201 ,"□ 조치사항  ○ 국립수산과학원은 2016년 5월 12일부터 노무라입깃해파리가 출현한 동중국해 특정점에 위성추적 표류부이를 투하하여 시간별 물흐름을 추적하고 있습니다. 해파리의 이동경로에 참고자료로 활용하고 있습니다(붙임 5.). □ 지자체, 어업인 등 협조사항   ○ 대량출현 및 어업피해 발생 시 즉시 통보 바람  ○ 독성해파리 출현종과 출현빈도가 증가하고 있어 해수욕장 안전사고에 각별한 주의 요함  ○ 미기록 또는 맹독성 해파리 발생 시 즉시 통보 바람  ○ 보름달물해파리 주의보발령에 따른 해파리모니터링 강화 및 검토 후 제거작업 수행 바람    - 발령일 : 2016년 6월 2일     - 발령해역 : 경남 고성군 자란만 및 고성만 해역 □ 금후전망  ○ 보름달물해파리 밀집 출현 해역 증가예상  ○ 독성해파리 출현빈도 증가 예상"
2016080500 ,"□ 조치사항  ○ 보름달물해파리 주의보 발령해역    - 2016년 6월 2일, 경남 고성군 자란만 및 고성만 해역    - 2016년 7월 7일, 전북 전체 해역     - 2016년 7월 27일, 경남 전체 해역    - 2016년 7월 27일, 전남 전체 해역     * 지자체 제거작업 수행 중□ 지자체, 어업인 등 협조사항   ○ 대량출현 및 어업피해 발생 시 즉시 통보 바람  ○ 독성해파리가 지속 출현하고 있어 해수욕장 안전사고에 각별한 주의 요망   - 노무라입깃해파리, 커튼원양해파리, 상자해파리 등 독성 해파리가 지속적으로 출현하고 있어 각별한 주의가 요망됨    * 출현해역은 해파리 주간 동향의 세부 출현해역 참조  ○ 미기록 또는 맹독성 해파리 발생 시 즉시 통보 바람  ○ 노무라입깃해파리의 유입이 증가하고 있어 모니터링 강화 및 발생정보 통보바람  ○ 보름달물해파리 주의보발령에 따른 해파리모니터링 강화 및 제거작업 수행 바람 □ 금후전망  ○ 보름달물해파리 전국 연안 밀집 출현 지속 전망  ○ 노무라입깃해파리 전국 연안에서 출현 증가전망  ○ 독성해파리 제주, 남해, 동해 해역에서 계속 출현 전망"
2016090200 ,"■ 조치사항 ○ 보름달물해파리 주의보 발령해역    - 2016년 6월 2일, 경남 고성군 자란만 및 고성만 해역    - 2016년 7월 7일, 전북 전체 해역     - 2016년 7월 27일, 경남 전체 해역    - 2016년 7월 27일, 전남 전체 해역 ○ 노무라입깃해파리 주의보 발령해역    - 2016년 8월 5일, 경남 거제, 부산, 울산, 경북 포항 해역     * 지자체 제거작업 수행 중■ 지자체, 어업인 등 협조사항  ○ 대량출현 및 어업피해 발생 시 즉시 통보 바람 ○ 독성해파리가 지속 출현하고 있어 해수욕장 안전사고에 각별한 주의 요망   - 노무라입깃해파리, 커튼원양해파리 등 독성해파리가 지속적으로 출현하고 있어 각별한 주의가 요망됨   * 출현해역은 해파리 주간 동향의 세부 출현해역 참조 ○ 미기록 또는 맹독성 해파리 발생 시 즉시 통보 바람 ○ 해파리 주의보발령에 따른 모니터링 강화 및 제거작업 수행 바람■ 금후전망 ○ 연안의 보름달물해파리 출현은 점진적 감소 전망 ○ 태풍 등의 기상 변화에 따라 노무라입깃해파리는 연안에 집적 출현 가능성이 있음 ○ 일부 독성해파리는 연안에서 출현할 가능성이 있음"
2016101300 ," ■ 조치사항  ○ 보름달물해파리 주의보 발령해역    - 2016년 6월 2일, 경남 고성군 자란만 및 고성만 해역    - 2016년 7월 7일, 전북 전체 해역     - 2016년 7월 27일, 경남 전체 해역    - 2016년 7월 27일, 전남 전체 해역  ○ 노무라입깃해파리 주의보 발령해역    - 2016년 8월 5일, 경남 거제, 부산, 울산, 경북 포항 해역   ■ 지자체, 어업인 등 협조사항   ○ 대량출현 및 어업피해 발생 시 즉시 통보 바람  ○ 해파리 주의보발령에 따른 모니터링 및 제거작업 수행 바람 ■ 금후전망  ○ 연안의 해파리 출현 점진적 감소 전망"
2016092900 ,"■  조치사항  ○ 보름달물해파리 주의보 발령해역    - 2016년 6월 2일, 경남 고성군 자란만 및 고성만 해역    - 2016년 7월 7일, 전북 전체 해역     - 2016년 7월 27일, 경남 전체 해역    - 2016년 7월 27일, 전남 전체 해역  ○ 노무라입깃해파리 주의보 발령해역    - 2016년 8월 5일, 경남 거제, 부산, 울산, 경북 포항 해역  ■  지자체, 어업인 등 협조사항   ○ 대량출현 및 어업피해 발생 시 즉시 통보 바람  ○ 해파리 주의보발령에 따른 모니터링 및 제거작업 수행 바람■  금후전망  ○ 연안의 해파리 출현 점진적 감소 전망"
2016091307 ," 조치사항  ○ 보름달물해파리 주의보 발령해역    - 2016년 6월 2일, 경남 고성군 자란만 및 고성만 해역    - 2016년 7월 7일, 전북 전체 해역     - 2016년 7월 27일, 경남 전체 해역    - 2016년 7월 27일, 전남 전체 해역  ○ 노무라입깃해파리 주의보 발령해역    - 2016년 8월 5일, 경남 거제, 부산, 울산, 경북 포항 해역 지자체, 어업인 등 협조사항  ○ 대량출현 및 어업피해 발생 시 즉시 통보 바람  ○ 미기록 또는 독성 해파리 발생 시 즉시 통보 바람  ○ 해파리 주의보발령에 따른 모니터링 강화 및 제거작업 수행 바람 금후전망  ○ 연안의 해파리 출현 점진적 감소 전망"
2016111000 ,"■ 금후전망  ○ 보름달물해파리 및 노무라입깃해파리 12월까지 소량 출현"
2016110100 ," ■ 조치사항 ○ 보름달물해파리 주의보 해제    - 2016년 10월 18일을 기하여 전라남  북도 및 경상남도 해역에 대해    보름달물해파리 주의보 해제    - 전라남도 득량만 해역은 주의보 유지     ※ 주의보 발령해역: 경남 고성군 자란만 및 고성만 해역(6.2)                          전북 전체 해역(7.7),  경남 전체 해역(7.27), 전남 전체 해역(7.27) ○ 노무라입깃해파리는 근시일내에 주의보 해제 검토중      ※ 주의보 발령해역: 경남 거제, 부산, 울산, 경북, 포항 해역(8.5)       ■ 지자체, 어업인 등 협조사항   ○ 대량출현 및 어업피해 발생 시 즉시 통보 바람  ○ 해파리 주의보발령에 따른 모니터링 및 제거작업 수행 바람 ■ 금후전망  ○ 보름달물해파리 및 노무라입깃해파리 출현 감소 전망"
2017051100 ,"○ 2017년 해파리모니터링 시작(5월 11일부터)○ 대량출현 및 어업피해 발생 시 즉시 통보○ 미기록 또는 맹독성 해파리 발생 시 즉시 통보		"
2017060100 ,"○ 보름달물해파리 출현 및 밀집출현 해역 증가예상"
2017051100 ,"○ 보름달물해파리 출현 및 밀집출현 해역 증가예상"
2019090500 ,"  ○ 전국 연안 노무라입깃해파리, 경기, 충남, 인천 출현 증가  ○ 보름달물해파리 자연소멸에 따른 밀집출현 해역 및 발견율 감소전망"
2016081900 ,"■ 조치사항  ○ 보름달물해파리 주의보 발령해역    - 2016년 6월 2일, 경남 고성군 자란만 및 고성만 해역    - 2016년 7월 7일, 전북 전체 해역     - 2016년 7월 27일, 경남 전체 해역    - 2016년 7월 27일, 전남 전체 해역  ○ 노무라입깃해파리 주의보 발령해역    - 2016년 8월 5일, 경남 거제, 부산, 울산, 경북 포항 해역     * 지자체 제거작업 수행 중■ 지자체, 어업인 등 협조사항   ○ 대량출현 및 어업피해 발생 시 즉시 통보 바람  ○ 독성해파리가 지속 출현하고 있어 해수욕장 안전사고에 각별한 주의 요망   - 노무라입깃해파리, 커튼원양해파리, 상자해파리, 유령해파리 등 독성 해파리가 지속적으로 출현하고 있어       각별한 주의가 요망됨    * 출현해역은 해파리 주간 동향의 세부 출현해역 참조  ○ 미기록 또는 맹독성 해파리 발생 시 즉시 통보 바람  ○ 노무라입깃해파리의 유입이 증가하고 있어 모니터링 강화 및 발생정보 통보바람  ○ 해파리 주의보발령에 따른 모니터링 강화 및 제거작업 수행 바람■ 금후전망  ○ 보름달물해파리 전국 연안 밀집 출현 점진적 감소 전망  ○ 노무라입깃해파리 전국 연안에서 출현 증가 전망  ○ 독성해파리 전국 연안에서 계속 출현 전망"
2016080200 ,"□ 조치사항  ○ 보름달물해파리 주의보 발령해역    - 2016년 6월 2일, 경남 고성군 자란만 및 고성만 해역    - 2016년 7월 7일, 전북 전체 해역     - 2016년 7월 27일, 경남 전체 해역    - 2016년 7월 27일, 전 남 전체 해역     * 지자체 제거작업 수행 중□ 지자체, 어업인 등 협조사항   ○ 대량출현 및 어업피해 발생 시 즉시 통보 바람  ○ 독성해파리의 출현빈도가 증가하고 있어 해수욕장 안전사고에 각별한 주의 요망   - 노무라입깃해파리, 커튼원양해파리 등 강독성 해파리가 지속적으로 출현하고 있어 각별한 주의가 요망됨    * 출현해역은 해파리 주간 동향의 세부 출현해역 참조  ○ 미기록 또는 맹독성 해파리 발생 시 즉시 통보 바람  ○ 노무라입깃해파리의 유입이 증가하고 있어 모니터링 강화 및 발생정보 통보바람  ○ 보름달물해파리 주의보발령에 따른 해파리모니터링 강화 및 제거작업 수행 바람 □ 금후전망  ○ 보름달물해파리 전국 연안 밀집 출현 지속 전망  ○ 노무라입깃해파리 전국 연안에서 출현 증가전망  ○ 독성해파리 제주, 남해, 동해 해역에서 계속 출현 전망"
2016100600 ," ■ 조치사항  ○ 보름달물해파리 주의보 발령해역    - 2016년 6월 2일, 경남 고성군 자란만 및 고성만 해역    - 2016년 7월 7일, 전북 전체 해역     - 2016년 7월 27일, 경남 전체 해역    - 2016년 7월 27일, 전남 전체 해역  ○ 노무라입깃해파리 주의보 발령해역    - 2016년 8월 5일, 경남 거제, 부산, 울산, 경북 포항 해역   ■ 지자체, 어업인 등 협조사항   ○ 대량출현 및 어업피해 발생 시 즉시 통보 바람  ○ 해파리 주의보발령에 따른 모니터링 및 제거작업 수행 바람 ■ 금후전망  ○ 연안의 해파리 출현 점진적 감소 전망"
2016110101 ," ■  조치사항 ○ 보름달물해파리 주의보 해제    - 2016년 10월 18일을 기하여 전라남  북도 및 경상남도 해역에 대해    보름달물해파리 주의보 해제    - 전라남도 득량만 해역은 주의보 유지     ※ 주의보 발령해역: 경남 고성군 자란만 및 고성만 해역(6.2)                          전북 전체 해역(7.7),  경남 전체 해역(7.27), 전남 전체 해역(7.27) ○ 노무라입깃해파리는 주의보 해제 검토      ※ 주의보 발령해역: 경남 거제, 부산, 울산, 경북, 포항 해역(8.5)       ■  지자체, 어업인 등 협조사항   ○ 대량출현 및 어업피해 발생 시 즉시 통보 바람  ○ 해파리 주의보발령에 따른 모니터링 및 제거작업 수행 바람 ■  금후전망  ○ 보름달물해파리 및 노무라입깃해파리 출현 감소 전망"
2016092700 ,"■ 조치사항  ○ 보름달물해파리 주의보 발령해역    - 2016년 6월 2일, 경남 고성군 자란만 및 고성만 해역    - 2016년 7월 7일, 전북 전체 해역     - 2016년 7월 27일, 경남 전체 해역    - 2016년 7월 27일, 전남 전체 해역  ○ 노무라입깃해파리 주의보 발령해역    - 2016년 8월 5일, 경남 거제, 부산, 울산, 경북 포항 해역■ 지자체, 어업인 등 협조사항   ○ 대량출현 및 어업피해 발생 시 즉시 통보 바람  ○ 해파리 주의보발령에 따른 모니터링 및 제거작업 수행 바람■ 금후전망  ○ 연안의 해파리 출현 점진적 감소 전망"
2016112200 ," ■ 금후전망  ○ 보름달물해파리 및 노무라입깃해파리 12월까지 소량 출현"
2017052500 ,"○ 보름달물해파리 출현 및 밀집출현 해역 증가예상"
2017052500 ,"○ 보름달물해파리 밀집출현 해역 관할기관 모니터링 수행 요망○ 대량출현 및 어업피해 발생 시 즉시 통보○ 미기록 또는 맹독성 해파리 발생 시 즉시 통보			"
2017061500 ,"○ 경남, 전북 및 전남 해역 보름달물해파리 출현 및 밀집출현 해역 증가 전망"
2017061500 ,"○ 보름달물해파리 밀집출현 해역 관할기관 모니터링 강화 요망○ 대량출현 및 어업피해 발생 시 즉시 통보○ 미기록 또는 맹독성 해파리 발생 시 즉시 통보			"
2017062900 ,"○ 경남, 전북 및 전남 해역 보름달물해파리 출현 및 밀집출현 해역 증가 전망"
2017062900 ,"○ 보름달물해파리 밀집출현 해역 관할기관 모니터링 강화 요망○ 대량출현 및 어업피해 발생 시 즉시 통보○ 미기록 또는 맹독성 해파리 발생 시 즉시 통보			"
2017072000 ,"○ 서해, 남해 해역 노무라입깃해파리 출현 증가 전망○ 경남, 전북 및 전남 해역 보름달물해파리 출현 및 밀집출현 해역 증가 전망○ 유령해파리 제주·경남·경북해역 출현증가 전망"
2017072000 ,"○ 보름달물해파리 밀집출현 해역 지자체 모니터링 강화 요망○ 대량출현 및 어업피해 발생 시 즉시 통보○ 미기록 또는 맹독성 해파리 발생 시 즉시 통보○ 독성해파리 출현증가가 예상되므로 해수욕장 주의 요망○ 보름달물해파리 주의보발령에 따른 해파리 모니터링 강화 및      제거작업 수행 바람    - 발령일 : 2017년 7월 20일    - 발령해역 : 경남 고성군 자란만 해역		"
2017080300 ,"○ 남해 및 동해 노무라입깃해파리 출현 증가 전망○ 경남 해역 보름달물해파리 출현 및 밀집출현 해역 증가 전망"
2017083100 ,"○ 전남 득량만 및 경남 통영, 창원, 거제 일부 해역       보름달물해파리 국지적 밀집출현 지속 전망"
2019112800 ,"○ 대량 발생 해파리 발견율 지속 감소 전망"
2017083100 ,"○ 보름달물해파리 주의보발령에 따른 해파리 모니터링 강화 및      제거작업 수행 바람    - 발령해역 : 경남 진해만(창원,통영,거제) 및 거제 북부해역(2017년 8월 18일)                전남 득량만(고흥, 보성, 장흥) 해역(2017년 8월 1일),                 경남 고성군 자란만 해역(2017년 7월 20일),   ○ 보름달물해파리 등 해파리 대량출현 및 어업피해 발생 시       즉시 통보    ○ 독성해파리가 출현하는  해수욕장은 사전 경고방송 및 입욕통제      등 안전조치 요망    - 미기록 또는 맹독성 해파리 발생 시 즉시 통보		"
2017092100 ,"○ 보름달물해파리 주의보 해제 해역 (자란만, 득량만, 진해만 및 거제 북부해역) 지속 모니터링 요망		"
2017110200 ,"○ 보름달물해파리와 노무라입깃해파리에 대해 12월 중순까지 지속적인 모니터링 필요			"
2017092100 ,"○ 전국 연안 해파리 자연소멸로 인한 발견률 지속 감소가 전망 됨"
2017110200 ,"○ 전국 연안 해파리 자연소멸로 발견율 지속 감소가 전망됨"
2017101900 ,"   ○ 보름달물해파리와 노무라입깃해파리 출현율이 감소하고 있으나, 12월 중순까지 지속적인 모니터링 필요			"
2017101900 ,"   ○ 현재 3종류의 해파리가 출현하고 있으나, 전국 연안 해파리 자연소멸로 발견율 지속 감소가 전망됨"
2016053101 ,"○ 미기록 또는 맹독성 해파리의 출현 및 어업피해 발생 시 즉시 통보○ 서해 및 남해 연안해역의 해파리의 모니터링○ 붙임 5. “표류부이 이동궤적”을 참조하여 연근해 접근시 해파리 모니터링 강화   ※ 표류부이는 노무라입깃해파리의 이동을 추정하기 위한 기기로서 노무라입깃해파리의 대표적 서식수심인 5m에 투하하여 그 수심의 해류를 따라 이동함   ※ 표류부이의 자료는 노무라입깃해파리의 이동을 유추하는데 사용되며 실측 자료와는 다를 수 있음"
2016053101 ,○ 노무라입깃해파리 및 보름달물해파리 연안 해역 감소 전망   ※ 2015년 해파리모니터링 체제 정보취합 및 제공 종료함.
2016053100 ,"○ 2016년 해파리모니터링 시작(5월 12일부터)  ○ 대량출현 및 어업피해 발생 시 즉시 통보  ○ 미기록 또는 맹독성 해파리 발생 시 즉시 통보"
2016053100 ," ○ 보름달물해파리 밀집 출현 해역 증가예상"
2017051800 ,"○ 보름달물해파리 출현 및 밀집출현 해역 증가예상"
2016090800 ,"■ 조치사항  ○ 보름달물해파리 주의보 발령해역    - 2016년 6월 2일, 경남 고성군 자란만 및 고성만 해역    - 2016년 7월 7일, 전북 전체 해역     - 2016년 7월 27일, 경남 전체 해역    - 2016년 7월 27일, 전남 전체 해역  ○ 노무라입깃해파리 주의보 발령해역    - 2016년 8월 5일, 경남 거제, 부산, 울산, 경북 포항 해역     * 지자체 제거작업 수행 중■ 지자체, 어업인 등 협조사항   ○ 대량출현 및 어업피해 발생 시 즉시 통보 바람  ○ 미기록 또는 독성 해파리 발생 시 즉시 통보 바람  ○ 해파리 주의보발령에 따른 모니터링 강화 및 제거작업 수행 바람■ 금후전망  ○ 연안의 해파리 출현 점진적 감소 전망"
2016110700 ,"■ 조치사항 ○ 2016년 11월 2일 해파리 주의보 전면 해제    - 2016년 10월 18일 전남, 전북, 경남 보름달물해파리 주의보해제      (전남 득량만 유지)    - 2016년 11월 2일 전남 득량만 보름달물해파리 주의보 해제    - 2016년 11월 2일 경남 거제, 부산, 울산, 경북 포함       노무라입깃해파리 주의보 해제            ■ 금후전망  ○ 보름달물해파리 및 노무라입깃해파리 12월까지 소량 출현"
2017060800 ,"○ 보름달물해파리 밀집출현 해역 관할기관 모니터링 강화 요망○ 대량출현 및 어업피해 발생 시 즉시 통보○ 미기록 또는 맹독성 해파리 발생 시 즉시 통보			"
2017062200 ,"○ 경남, 전북 및 전남 해역 보름달물해파리 출현 및 밀집출현 해역 증가 전망"
2017051800 ,"○ 보름달물해파리 모니터링 수행○ 대량출현 및 어업피해 발생 시 즉시 통보○ 미기록 또는 맹독성 해파리 발생 시 즉시 통보			"
2017060800 ,"○ 보름달물해파리 출현 및 밀집출현 해역 증가 전망"
2017062200 ,"○ 보름달물해파리 밀집출현 해역 관할기관 모니터링 강화 요망○ 대량출현 및 어업피해 발생 시 즉시 통보○ 미기록 또는 맹독성 해파리 발생 시 즉시 통보			"
2017070600 ,"○ 경남, 전북 및 전남 해역 보름달물해파리 출현 및 밀집출현   해역 증가 전망○ 커튼원양해파리 등 독성해파리 출현 증가 전망"
2017070600 ,"○ 보름달물해파리 밀집출현 해역 지자체 모니터링 강화 요망○ 대량출현 및 어업피해 발생 시 즉시 통보○ 미기록 또는 맹독성 해파리 발생 시 즉시 통보○ 독성해파리 출현증가가 예상되므로 해수욕장 주의 요망		"
2017071300 ,"○ 보름달물해파리 밀집출현 해역 지자체 모니터링 강화 요망○ 대량출현 및 어업피해 발생 시 즉시 통보○ 미기록 또는 맹독성 해파리 발생 시 즉시 통보○ 독성해파리 출현증가가 예상되므로 해수욕장 주의 요망			"
2017072700 ,"○ 보름달물해파리 밀집출현 해역 지자체 모니터링 강화 요망○ 대량출현 및 어업피해 발생 시 즉시 통보○ 미기록 또는 맹독성 해파리 발생 시 즉시 통보○ 독성해파리 출현증가가 예상되므로 해수욕장 주의 요망			"
2017071300 ,"○ 서해, 남해 해역 노무라입깃해파리 출현 증가 전망○ 경남, 전북 및 전남 해역 보름달물해파리 출현 및 밀집출현 해역 증가 전망"
2017081000 ,"  ○ 서해 중부 및 남해 일부해역 노무라입깃해파리 지속 출현 전망  ○ 경남 해역 보름달물해파리 국지적 밀집출현 지속 전망"
2017072700 ,"○ 남해 및 동해 노무라입깃해파리 출현 증가 전망○ 경남 및 전남 해역 보름달물해파리 출현 및 밀집출현 해역 증가 전망○ 유령해파리 제주·경남·경북해역 출현증가 전망"
2019092600 ,"  ○ 제주, 전남, 경남, 부산, 울산, 경북 해역 노무라입깃해파리 주의보 발령  ○ 강원, 인천, 경기, 충남 해역 노무라입깃해파리 예찰 철저  ○ 맹독성·미기록종 해파리 출현 시 즉시 통보"
2019092600 ,"  ○ 지난 17호 태풍으로 응답자 중 36.8% 조업 못하여 금주 조업회복 후 전망 예정"
2017081700 ,"  ○ 서해 중부 및 남해 일부해역 노무라입깃해파리 지속 출현 전망  ○ 경남 해역 보름달물해파리 국지적 밀집출현 지속 전망"
2017081700 ,"  ○ 독성해파리가 출현하는  해수욕장은 사전 경고방송 및 입욕통제 등 안전조치 요망  ○ 미기록 또는 맹독성 해파리 발생 시 즉시 통보  ○ 보름달물해파리 주의보발령에 따른 해파리 모니터링 강화 및      제거작업 수행 바람    - 발령해역 : 전라남도 득량만(고흥, 보성, 장흥) 해역(2017년 8월 1일),                 경남 고성군 자란만 해역(2017년 7월 20일)  ○ 대량출현 및 어업피해 발생 시 즉시 통보"
2017082400 ,"○ 전남 득량만 및 경남 고성, 통영, 창원, 거제 일부 해역       보름달물해파리 국지적 밀집출현 지속 전망"
2017082400 ,"○ 보름달물해파리 주의보발령에 따른 해파리 모니터링 강화 및      제거작업 수행 바람    - 발령해역 : 경남 진해만(창원,통영,거제) 및 거제 북부해역(2017년 8월 18일)                전남 득량만(고흥, 보성, 장흥) 해역(2017년 8월 1일),                 경남 고성군 자란만 해역(2017년 7월 20일),   ○ 보름달물해파리 등 해파리 대량출현 및 어업피해 발생 시       즉시 통보    ○ 독성해파리가 출현하는  해수욕장은 사전 경고방송 및 입욕통제      등 안전조치 요망    - 미기록 또는 맹독성 해파리 발생 시 즉시 통보		"
2017091400 ,"	  ○ 전남 득량만 보름달물해파리 주의보 해제 (2017.09.14)   ○ 보름달물해파리 등 해파리 대량출현 및 어업피해 발생 시      즉시 통보 		"
2017090700 ,"○ 보름달물해파리 주의보 발령에 따른 해파리 모니터링 강화 및       제거작업 수행 바람     - 발령해역 : 전남 득량만(고흥, 보성, 장흥) 해역(2017년 8월 1일)   ○ 보름달물해파리 등 해파리 대량출현 및 어업피해 발생 시       즉시 통보 			"
2017090700 ,"○ 전남 득량만 보름달물해파리 국지적 밀집출현 지속 전망   ○ 경남해역 보름달물해파리 산란 후 자연소멸로 지속감소가 전망됨      ※ 9월 8일 주의보 해제 예정(경남 전 해역)"
2017091400 ,"   ○ 전국 연안 해파리 자연소멸로 인한 발견률 지속 감소가 전망 됨"
2017101200 ,"   ○ 노무라입깃해파리 발견율 소폭 상승으로 지속적인 모니터링 필요			"
2017101200 ,"   ○ 전국 연안 해파리 자연소멸로 발견율 지속 감소가 전망됨"
2017092800 ,"○ 보름달물해파리 발견률 소폭 상승으로 지속적인 모니터링 필요		"
2017092800 ,"○ 자연소멸로 인한 전국 연안 해파리 발견률 지속 감소가 전망됨"
2017102600 ," ○ 보름달물해파리와 노무라입깃해파리 출현율이 감소하고 있으나,  12월 중순까지 지속적인 모니터링 필요		"
2017102600 ,"○ 현재 4종류의 해파리가 출현하고 있으나, 전국 연안 해파리 자연소멸로 발견율 지속 감소가 전망됨"
2017110900 ,"  ○ 수온이 계속 하강하고 있으나 보름달물해파리와 노무라입깃해파리에 대해 12월 중순까지 지속적인 모니터링 필요			"
2017110900 ,"○ 전국 연안 해파리 자연소멸로 발견율 지속 감소가 전망됨"
2017112300 ,"  ○ 수온이 계속 하강하고 있으나 보름달물해파리와 노무라입깃해파리에      대해 12월 중순까지 지속적인 모니터링 필요			"
2017112300 ,"  ○ 전국 연안의 해파리가 자연소멸로 발견율이 감소될 것으로 전망됨"
2018051700 ,"  ○ 보름달물해파리 유체(2~3cm) 밀집출현 해역에 따라 관련기관 모니터링 수행 요망  ○ 대량출현 및 어업피해 발생 시 즉시 통보			"
2018051700 ,"   ○ 보름달물해파리 성장 및 밀집출현 해역 증가 전망   ○ 동계종인 두빛보름달물해파리 수온상승에 따라 발견율 감소 전망"
2018070500 ,"  ○ 독성해파리 연안 지속출현에 따른 해수욕장 관련기관 안전관리 철저   ○ 해파리 밀집출현 해역 해당기관 모니터링 및 어업피해 조사결과 통보 요망 			"
2018070500 ,"  ○ 보름달물해파리 밀집출현 해역 증가 전망  ○ 노무라입깃해파리 및 기타 독성해파리 발견율 증가 전망"
2018071900 ,"  ○ 독성해파리 연안 지속출현에 따른 해수욕장 관련기관 안전관리 철저   ○ 해파리 밀집출현 해역 해당기관 모니터링 및 어업피해 조사결과 통보 요망 "
2018071900 ,"  ○ 보름달물해파리 밀집출현 해역 증가 전망  ○ 노무라입깃해파리 및 기타 독성해파리 발견율 증가 전망"
2021050600 ,"  ○ 대량출현 해파리 정밀조사"
2018083000 ,"  ○ 독성해파리 연안 지속출현에 따른 해수욕장 관련기관 안전관리 철저   ○ 해파리 밀집출현 해역 해당기관 모니터링 및 어업피해 조사결과 통보 요망"
2018083000 ,"  ○ 보름달물해파리 밀집출현 지속 전망  ○ 노무라입깃해파리 및 기타 독성해파리 발견율 증가 전망"
2018110100 ,"			"
2018110100 ,"○ 대량출현 해파리 발견율 지속 감소 전망"
2018111500 ,"○ 대량출현 해파리 발견율 지속 감소 전망"
2019050900 ,"	  ○ 보름달물해파리 유체(2~3cm) 출현에 따라 관련기관 모니터링 수행  ○ 대량출현 및 어업피해 발생 시 즉시 통보		"
2019050900 ,"  ○ 보름달물해파리 성장 및 밀집출현 해역 증가 전망"
2019082900 ,"  ○ 제주, 전남, 경남, 부산, 울산, 경북 해역 노무라입깃해파리 주의보 발령     ※ 지자체 제거작업 수행 중  ○ 독성해파리 출현하는 해수욕장은 사전 경고방송 및 입욕통제 등 안전조치 요망  ○ 맹독성·미기록종 해파리 출현 시 즉시 통보	"
2019082900 ,"  ○ 전국 연안 노무라입깃해파리, 보름달물해파리 밀집 출현 점진적 감소 전망"
2020070200 ,"  ○ 노무라입깃해파리 주의보 발령(제주, 전남, 경남/6.16)  ○ 보름달물해파리 주의보 발령(전남 득량만, 경남 남해~거제/6.16)  ○ 해파리 대량 출현 및 어업피해 발생 시 즉시 통보  ○ 노무라입깃해파리 출현율 증가에 따른 부산 인근 해역 모니터링 강화 "
2020070200 ,"  ○ 노무라입깃해파리, 보름달물해파리 밀집출현해역 증가     -부산, 경북 해역 노무라입깃해파리 출현율 증가  ○ 독성해파리 출현 전망"
2020060400 ,"  ○ 보름달물해파리 대량 발생 지역 지자체 예찰 강화 요청			"
2020060400 ,"  ○ 노무라입깃해파리 출현 해역 증가  ○ 보름달물해파리 국지적 밀집 출현 해역 증가"
2020070900 ,"  ○ 노무라입깃해파리 주의보 발령(제주, 전남, 경남/6.16)  ○ 보름달물해파리 주의보 발령(전남 득량만, 경남 남해~거제/6.16)  ○ 해파리 대량 출현 및 어업피해 발생 시 즉시 통보  ○ 노무라입깃해파리 출현율 증가에 따른 부산 인근 해역 모니터링 강화 "
2020070900 ,"  ○ 노무라입깃해파리, 보름달물해파리 밀집출현해역 증가     -부산, 경북 해역 노무라입깃해파리 출현율 증가  ○ 독성해파리 출현 전망"
2020071600 ,"  ○ 노무라입깃해파리 주의보 발령(제주, 전남, 경남/6.16)  ○ 보름달물해파리 주의보 발령(전남 득량만, 경남 남해~거제/6.16)  ○ 해파리 대량 출현 및 어업피해 발생 시 즉시 통보  ○ 노무라입깃해파리 출현율 증가에 따른 부산 인근 해역 모니터링 강화 "
2020071600 ,"  ○ 노무라입깃해파리, 보름달물해파리 밀집출현해역 증가     -부산, 경북 해역 노무라입깃해파리 출현율 증가  ○ 독성해파리 출현 전망"
2020072300 ,"  ○ 노무라입깃해파리 주의보 발령(제주, 전남, 경남/6.16)  ○ 보름달물해파리 주의보 발령(전남 득량만, 경남 남해~거제/6.16)  ○ 해파리 대량 출현 및 어업피해 발생 시 즉시 통보  ○ 노무라입깃해파리 출현율 증가에 따른 부산 인근 해역 모니터링 강화  ○ 전국 연안 독성해파리 쏘임사고 주의 당부"
2020072300 ,"  ○ 노무라입깃해파리, 보름달물해파리 밀집출현해역 증가     -부산, 경북 해역 노무라입깃해파리 출현율 증가     -연안, 해수욕장 노무라입깃해파리 출현 증가"
2020073000 ,"  ○ 노무라입깃해파리 주의보 발령(제주, 전남, 경남: 6.16/ 부산: 7.29)  ○ 보름달물해파리 주의보 발령(전남 득량만, 경남 남해~거제/6.16)  ○ 해파리 대량 출현 및 어업피해 발생 시 즉시 통보  ○ 노무라입깃해파리 출현율 증가에 따른 전연안 모니터링 강화  ○ 전국 연안 독성해파리 쏘임사고 주의 당부		"
2020073000 ,"  ○ 노무라입깃해파리 전연안 출현 증가  ○ 전남, 경남 일부 해역에서 보름달물해파리 밀집출현"
2020081300 ,"  ○ 노무라입깃해파리 주의보 발령  ○ (제주, 전남, 경남: 6.16/ 부산: 7.29/ 울산, 경북: 8.7)  ○ 보름달물해파리 주의보 발령(전남 득량만, 경남 남해~거제/6.16)  ○ 해파리 대량 출현 및 어업피해 발생 시 즉시 통보  ○ 노무라입깃해파리 출현율 증가에 따른 전연안 모니터링 강화  ○ 전국 연안 독성해파리 출현에 따른 모니터링 강화    - 쏘임사고 주의 당부			"
2020081300 ,"  ○ 노무라입깃해파리 전연안 출현 증가  ○ 전남, 경남 일부 해역에서 보름달물해파리 밀집출현  ○ 독성해파리 밀집 출현 증가"
2020082700 ,"  ○ 노무라입깃해파리 주의보 발령  ○ (제주, 전남, 경남: 6.16/ 부산: 7.29/ 울산, 경북: 8.7/ 강원: 8.19)  ○ 보름달물해파리 주의보 발령(전남 득량만, 경남 남해~거제/6.16)  ○ 해파리 대량 출현 및 어업피해 발생 시 즉시 통보  ○ 노무라입깃해파리 고밀도 출현에 따른 전연안 모니터링 강화  ○ 전국 연안 독성해파리 출현에 따른 모니터링 강화    - 쏘임사고 주의 당부	"
2020082700 ,"  ○ 노무라입깃해파리 전연안 출현 증가  ○ 전남, 경남 일부 해역에서 보름달물해파리 밀집출현  ○ 부산, 울산, 경북, 강원 독성해파리 밀집 출현 증가"
2020091000 ,"  ○ 노무라입깃해파리 주의보 발령     (제주, 전남, 경남: 6.16/ 부산: 7.29/ 울산, 경북: 8.7/ 강원: 8.19)  ○ 보름달물해파리 주의보 발령(전남 득량만, 경남 남해~거제/6.16)  ○ 해파리 대량 출현 및 어업피해 발생 시 즉시 통보"
2020091000 ,"○ 제10호 태풍(하이선)의 영향으로 연안 해역은 수층 혼합 및 수온 하강 등 해양환경 변동이 발생하여 해황이 안정된 후 해파리 전망"
2020092900 ,"  ○ 노무라입깃해파리 주의보 발령  ○ (제주, 전남, 경남: 6.16/ 부산: 7.29/ 울산, 경북: 8.7/ 강원: 8.19)  ○ 보름달물해파리 주의보 발령(전남 득량만, 경남 남해~거제/6.16)  ○ 경북, 강원 해역 독성해파리 유입이 있으므로 주의 및 발생 즉시 통보"
2020092900 ,"  ○ 주의보 발령된 전남, 부산~경북 해역에 노무라입깃해파리 소량 지속 유입  ○ 보름달물해파리 점차 감소 추세"
2017113000 ,"  ○ 수온이 계속 하강하고 있으나 보름달물해파리와 노무라입깃해파리에      대해 12월 중순까지 모니터링 필요			"
2017113000 ,"  ○ 12월에는 전국 연안에서 해파리의 발견율이 감소될 것으로 전망됨"
2018072600 ,"  ○ 독성해파리 연안 지속출현에 따른 해수욕장 관련기관 안전관리 철저   ○ 해파리 밀집출현 해역 해당기관 모니터링 및 어업피해 조사결과 통보 요망 "
2018072600 ,"  ○ 보름달물해파리 밀집출현 해역 증가 전망  ○ 노무라입깃해파리 및 기타 독성해파리 발견율 증가 전망"
2018100400 ,"○ 해파리 국지적 밀집출현 지속 발견 시 통보 요망"
2018100400 ,"○ 대량출현 해파리 발견율 지속 감소 전망"
2018102500 ,"○ 해파리 국지적 밀집출현 지속 발견 시 통보 요망"
2018102500 ,"○ 대량출현 해파리 발견율 지속 감소 전망"
2020090300 ,"  ○ 노무라입깃해파리 주의보 발령  ○ (제주, 전남, 경남: 6.16/ 부산: 7.29/ 울산, 경북: 8.7/ 강원: 8.19)  ○ 보름달물해파리 주의보 발령(전남 득량만, 경남 남해~거제/6.16)  ○ 해파리 대량 출현 및 어업피해 발생 시 즉시 통보  ○ 노무라입깃해파리 고밀도 출현에 따른 전연안 모니터링 강화	"
2020090300 ,"  ○ 9, 10호 태풍으로 인한 해양 환경 변동으로 추후 바다 환경 안정 후 해파리 추가 유입 등 전망 예정"
2019062700 ,"  ○ 해파리 밀집출현해역 해당기관 모니터링 강화요망 및 조사결과 통보요망  ○ 독성해파리 출현시작으로 해수욕장 관련기관 안전관리 철저  ○ 맹독성 해파리 발생 시 즉시 통보	"
2019062700 ,"  ○ 전남·전북, 경남 보름달물해파리 밀집출현 해역 증가 전망  ○ 제주도, 남해, 남해동부 노무라입깃해파리 및 기타 독성해파리 출현 해역 증가 전망"
2019103100 ,"  ○ 부산, 울산, 포항 노무라입깃해파리 주의보"
2019103100 ,"  ○ 대량 발생 해파리 발견율 지속 감소 전망"
2020100800 ,"  ○ 노무라입깃해파리 주의보 발령  ○ (제주, 전남, 경남: 6.16/ 부산: 7.29/ 울산, 경북: 8.7/ 강원: 8.19)  ○ 보름달물해파리 주의보 발령(전남 득량만, 경남 남해~거제/6.16)  ○ 경북, 강원 해역 독성해파리 유입이 있으므로 주의 및 발생 즉시 통보"
2020100800 ,"  ○ 노무라입깃해파리는 주의보가 발령된 제주, 전남, 경남 해역 점차 감소 추세, 부산~경북 해역에 노무라입깃해파리 소량 지속 유입  ○ 보름달물해파리는 전 해역 점차 감소 추세"
2020101500 ,"○ 노무라입깃해파리 주의보 발령    (제주, 전남, 경남: 6.16/ 부산: 7.29/ 울산, 경북: 8.7/ 강원: 8.19)○ 보름달물해파리 주의보 발령(전남 득량만, 경남 남해~거제/6.16)○ 경남 해역은 국지적 해파리 출현 증가로 모니터링 강화"
2020101500 ,"○ 노무라입깃해파리는 주의보가 발령된 제주, 전남은 곧 소멸,     경남, 부산~경북 해역에 노무라입깃해파리 소량 지속 유입○ 보름달물해파리는 전 해역 점차 감소 추세"
2020102200 ,"○ 노무라입깃해파리 주의보 발령   (경남: 6.16/ 부산: 7.29/ 울산, 경북: 8.7/ 강원: 8.19)○ 보름달물해파리 주의보 발령(전남 득량만, 경남 남해~거제/6.16)○ 경남 해역은 국지적 해파리 출현 증가로 모니터링 강화"
2020102200 ,"○ 경남, 부산~경북 해역에 노무라입깃해파리 소량 지속 유입○ 보름달물해파리는 전 해역 곧 소멸"
2020102900 ,"○ 노무라입깃해파리 주의보 발령    (경남: 6.16/ 부산: 7.29/ 울산, 경북: 8.7/ 강원: 8.19)○ 보름달물해파리 주의보 발령(전남 득량만, 경남 남해~거제/6.16)○ 경남 해역은 국지적 해파리 출현 증가로 모니터링 강화"
2020102900 ,"○ 경남, 부산~경북 해역에 노무라입깃해파리 출현율 감소○ 보름달물해파리는 전 해역 곧 소멸"
2020111200 ,"○ 노무라입깃해파리 주의보 해제(11.11)○ 보름달물해파리 주의보 해제(11.11)			"
2020111200 ,"○ 노무라입깃해파리, 보름달물해파리 전 해역 곧 소멸"
2021061700 ,"2021.06.10.~06.16. 총 : 31건○노무라입깃해파리 : 1건   - 제주 서귀포 문섬○보름달물해파리 : 20건   - 전북 군산 선유도리 몽돌해변   - 전북 부안 적벽강 2건   - 경남 고성 자란만   - 경남 거제 동부면   - 경남 거제 구조라 3건   - 경남 거제 거제만 2건   - 경남 거제 성포로 65   - 경남 창원 원전항   - 경남 창원 마창대교   - 경남 창원 고현방파제   - 부산 해운대해수욕장   - 경북 울진 온양리   - 강원 동해 감추해변   - 강원 속초 청초호   - 강원 속초 속초해수욕장 2건○꽃모자갈퀴손해파리 : 1건   - 경남 거제 동부면○두빛보름달해파리 : 3건   - 경북 포항 방어리   - 강원 동해 노봉해수욕장   - 강원 강릉 금진해수욕장○커튼원양해파리 : 5건   - 전남 목포 평화광장 3건   - 경남 창원 마산만   - 경남 창원 원전항○평면해파리 : 1건   - 제주 서귀포 문섬"
2021062400 ,"2021.06.17.~06.23. 총 : 40건○노무라입깃해파리 : 18건   - 전남 신안 가거도   - 전남 신안 개린도   - 전남 신안 홍도항   - 전남 신안 곤촌항   - 전남 신안 비리항   - 전남 신안 상태도항   - 전남 신안 영산도항   - 제주 제주시 함덕 3건   - 제주 별방진 하도선착장   - 제주 제주시 하도해변   - 제주 제주항 8부두   - 제주 제주항 2부두   - 제주 제주시 하귀미수포길 25   - 제주 조천읍 조함해안로 118   - 제주 함덕해수욕장 서우봉   - 제주 월정리 해수욕장○보름달물해파리 : 14건   - 전북 군산 선유도해수욕장   - 전남 장흥 수문해수욕장 2건   - 전남 여수 웅천남4로   - 전남 여수 웅천해변   - 경남 거제 구조라해수욕장   - 경남 거제 옥계해수욕장   - 경남 거제 하청면 연구리   - 경남 창원 원전항   - 강원 속초 설악대교   - 강원 속초 속초항 청초호 4건○두빛보름달해파리 : 3건   - 강원 동해 망상해수욕장   - 강원 속초 송지호해수욕장   - 강원 고성 삼포해수욕장○유령해파리 : 1건   - 부산 다대포 북형제도○커튼원양해파리 : 4건   - 전남 목포 평화광장   - 전남 목포 영산강(영산호) 2건   - 경남 통영 한산도 제승당"
2021052700 ,"  ○ 보름달물해파리 대량 발생 지역 통보바람"
2021052000 ,"  ○ 동중국해 북부해역 해파리 정밀조사 수행 중 "
2021052000 ,"  ○ 전 해역 보름달물해파리 출현 증가  ○ 제주해역 독성해파리 출현"
2021052700 ,"  ○ 전 해역 보름달물해파리 출현 증가  ○ 제주해역 독성해파리 출현"
2021060300 ,"○ 보름달물해파리 출현 증가로 관련기관 모니터링 수행 요망○ 해파리 대량출현 및 어업피해 발생시 즉시 통보 요망○ 제주해역 독성해파리 출현으로 주의"
2021060300 ,"○ 전 해역 보름달물해파리 출현 증가 및 밀집출현 해역 증가 전망○ 동계종인 두빛보름달해파리는 수온 상승에 따라 감소 전망"
2021061700 ,"○ 노무라입깃해파리 출현 증가로 관련기관 모니터링 수행 요망○ 보름달물해파리 출현 증가로 관련기관 모니터링 수행 요망○ 독성해파리 출현 증가로 쏘임사고, 어업피해 시 즉시 통보 요망"
2021061700 ,"○ 독성해파리 출현 증가로 주의 요망"
2021062400 ,"○ 노무라입깃해파리, 보름달물해파리 주의단계 특보발령(6.23.)○ 해파리 대량출현 및 어업피해 시 즉시 통보 요망"
2021062400 ,"○ 제주, 전남, 경남해역 연안에 노무라입깃해파리 지속 유입 전망○ 전남, 경남 일부 해역에 보름달물해파리 밀집출현 전망"
2017121400 ,"  ○ 본 호로 2017년 해파리 모니터링 종료  ○ 2018년 5월 2째주부터 해파리 속보 알림 예정     ※해파리 모니터링에 참여해주신 모든 분들께 감사드립니다. 			"
2017121400 ,"  ○ "
2018062800 ,"  ○ 독성해파리 연안 지속출현에 따른 해수욕장 관련기관 안전관리 철저   ○ 해파리 밀집출현 해역 해당기관 모니터링 및 어업피해 조사결과 통보 요망 			"
2018062800 ,"  ○ 보름달물해파리 밀집출현 해역 증가 전망  ○ 노무라입깃해파리 및 기타 독성해파리 발견율 증가 전망"
2018053100 ,"	    ○ 보름달물해파리 출현율 증가로 관련기관 모니터링 수행 요망  ○ 해파리 대량출현 및 어업피해 발생 시 즉시 통보		"
2018053100 ,"  ○ 보름달물해파리 밀집출현 해역 증가 전망  ○ 동계종인 두빛보름달해파리는 수온상승에 따라 발견율 감소 전망  ○ 노무라입깃해파리 6월부터 출현시작 할 것으로 전망"
2018080900 ," ○ 독성해파리 연안 지속출현에 따른 해수욕장 관련기관 안전관리 철저  ○ 해파리 밀집출현 해역 해당기관 모니터링 및 어업피해 조사결과 통보 요망 		"
2018080900 ," ○ 보름달물해파리 밀집출현 지속 전망 ○ 노무라입깃해파리 및 기타 독성해파리 발견율 증가 전망"
2019070400 ,"		  ○ 해파리 출현 전 지역 해당기관 모니터링 실시 및 조사결과 통보  ○ 독성해파리 출현으로 해수욕장 관련기관 안전관리 철저  ○ 맹독성·미기록종 해파리 출현 시 즉시 통보	"
2019070400 ,"  ○ 전국 연안 보름달물해파리 출현 및 전남, 전북, 경남 밀집출현 전망  ○ 전국 연안 노무라입깃해파리 출현 시작"
2019080100 ,"  ○ 제주, 전남, 경남 해역 노무라입깃해파리 주의보 발령  ○ 경상북도, 부산, 울산 노무라입깃해파리 모니터링, 어업피해 조사결과 통보  ○ 독성해파리 연안 출현으로 해수욕장 관련기관 안전관리 철저  ○ 맹독성·미기록종 해파리 출현 시 즉시 통보		"
2019080100 ,"  ○ 전국 연안 노무라입깃해파리 밀집 출현 지속 전망"
2020052800 ,"○ 노무라입깃해파리, 보름달물해파리 대량발생지역 통보바람			"
2020052800 ,"○ 노무라입깃해파리 제주해역부터 유입 증가○ 보름달물해파리 출현해역 증가"
2019120500 ,"			"
2019120500 ,"  ○ 대량 발생 해파리 발견율 지속 감소 전망"
2020080600 ,"  ○ 노무라입깃해파리 주의보 발령(제주, 전남, 경남: 6.16/ 부산: 7.29)  ○ 보름달물해파리 주의보 발령(전남 득량만, 경남 남해~거제/6.16)  ○ 해파리 대량 출현 및 어업피해 발생 시 즉시 통보  ○ 노무라입깃해파리 출현율 증가에 따른 전연안 모니터링 강화  ○ 전국 연안 독성해파리 쏘임사고 주의 당부"
2020080600 ,"  ○ 노무라입깃해파리 전연안 출현 증가  ○ 전남, 경남 일부 해역에서 보름달물해파리 밀집출현"
2020110500 ,"○ 노무라입깃해파리 주의보 발령   (경남: 6.16/ 부산: 7.29/ 울산, 경북: 8.7/ 강원: 8.19)○ 보름달물해파리 주의보 발령(전남 득량만, 경남 남해~거제/6.16)	"
2020110500 ,"○ 경남, 부산~경북, 강원 해역에 노무라입깃해파리 출현율 감소○ 보름달물해파리는 전 해역 곧 소멸"
2020121000 ,"			"
2020121000 ,"○ 노무라입깃해파리, 보름달물해파리 전 해역 곧 소멸"
2021061000 ,"2021.06.03.~06.09.                 총 : 18건○보름달물해파리 : 7건- 전남 여수 웅천 친수공원- 경남 통영 도선선창길- 경남 거제 가조도- 경남 거제 덕포해수욕장- 경남 거제 구조라해수욕장- 경남 창원 돝섬- 강원 속초 영랑해변○두빛보름달해파리 : 6건- 강원 강릉 금진해변 2건- 강원 강릉 안목해변- 강원 양양 낙산해수욕장- 강원 속초 등대해수욕장- 강원 고성 송지호해수욕장○커튼원양해파리 : 5건- 전남 목포 목포해양대학교 요트계류장- 경남 창원 원전 선상낚시- 경남 창원 마창대교- 부산 다대동 야망대 등대- 강원 속초 통천군순국동지충혼비"
2021070100 ,"2021.06.24.~06.30. 총 : 43건○노무라입깃해파리 : 17건   - 전남 신안 마리항   - 전남 신안 비리항   - 전남 신안 곤촌항   - 전남 신안 예리항   - 전남 진도 지산면 세포   - 전남 완도 신지면 동고리   - 전남 완도 여서도   - 전남 완도 외해   - 전남 완도 보길도 남방 2건   - 경남 통영 갈도   - 경북 경주 감포해수욕장   - 제주 이호테우 해변 2건   - 제주 우도 비양도   - 제주 우도 오봉리   - 제주 조천읍 신촌항○보름달물해파리 : 9건   - 전남 완도 월송리 선착장   - 전남 여수 웅천친수공원 해수욕장 2건   - 전남 여수 웅천친수해변   - 경남 남해 상주은모래비치해수욕장   - 경남 거제 동부면   - 경남 창원 원전항   - 경북 울릉 독도 해녀바위   - 강원 속초 등대해수욕장○꽃모자갈퀴손해파리 : 2건   - 경남 거제 동부면   - 제주 성산읍 시흥리○두빛보름달해파리 : 6건   - 경북 울진 죽변항 2건   - 강원 삼척 장호항   - 강원 강릉 안목해변 2건   - 강원 강릉 강문해변○야광원양해파리 : 1건   - 경남 거제 매물도○유령해파리 : 2건   - 제주 서귀포 범섬   - 제주 서귀포 문섬○작은부레관해파리 : 2건   - 제주 한림읍 월령리   - 제주 협재해수욕장○커튼원양해파리 : 2건   - 전남 목포 평화광장   - 전남 목포 갯바위○평면해파리 : 1건   - 경남 거제 매물도○출현없음 : 1건   - 부산 해운대해수욕장"
2021070800 ,"○ 노무라입깃해파리, 보름달물해파리 주의단계 특보발령(6.23.)○ 해파리 대량출현 및 어업피해 시 즉시 통보 요망"
2021061000 ,"  ○ 보름달물해파리 출현 증가로 관련기관 모니터링 수행 요망  ○ 해파리 대량출현 및 어업피해 발생 시 즉시 통보 요망  ○ 독성해파리 출현 주의 "
2021061000 ,"  ○ 전 해역 보름달물해파리 출현 증가 및 밀집출현 해역 증가 전망  ○ 동계종인 두빛보름달해파리는 수온 상승에 따라 감소 전망"
2021070800 ,"○ 전 해역 연안에 노무라입깃해파리 고밀도 출현 전망○ 전 해역 연안에 보름달물해파리 고밀도 출현 전망"
2021070100 ,"○ 노무라입깃해파리, 보름달물해파리 주의단계 특보발령(6.23.)○ 해파리 대량출현 및 어업피해 시 즉시 통보 요망"
2021070100 ,"○ 제주, 전남, 경남, 강원 연안에 노무라입깃해파리 지속 유입 전망○ 전남, 경남, 강원 일부 해역에 보름달물해파리 지속 유입 전망"
2021070800 ,"2021.07.01.~07.07. 총 : 28건○노무라입깃해파리 : 18건   - 전남 신안 흑산면 장도리   - 전남 신안 하태도 3건   - 전남 여수 남면 연도   - 강원 삼척 작은후진항   - 제주 조천읍 신촌포구 2건   - 제주 추자도   - 제주 서쪽 근해 2건   - 제주 서쪽 연안 3건   - 제주 김녕해수욕장   - 제주 신창포구 부근   - 제주 우도 천진항   - 제주 평대리 해수욕장○보름달물해파리 : 2건   - 경남 창원 탱평로 143   - 경남 창원 진해해양공원 우도섬○두빛보름달해파리 : 3건   - 강원 삼척 작은후진항   - 강원 강릉 주문진   - 강원 강릉 정동진 해변○작은부레관해파리 : 1건   - 제주 금능해수욕장○커튼원양해파리 : 2건   - 전남 목포 성광조선소 연안   - 강원 고성 마차진 해수욕장○투구빗해파리 : 1건   - 강원 강릉 주문진 해변○푸른우산관해파리 : 1건   - 제주 금능해수욕장"
2017111600 ,"○ 수온이 계속 하강하고 있으나 보름달물해파리와 노무라입깃해파리에 대해 12월 중순까지 지속적인 모니터링 필요			"
2017111600 ,"○ 전국 연안의 해파리가 자연소멸로 발견율이 감소될 것으로 전망됨"
2021111100 ,"2021.11.04.~11.10. 총 : 0건"
2019071800 ,"  ○ 제주, 전남, 경남 해역 노무라입깃해파리 주의보 발령  ○ 해파리 밀집해역 해당기관 모니터링 및 어업피해 조사결과 통보  ○ 독성해파리 연안 출현으로 해수욕장 관련기관 안전관리 철저  ○ 맹독성·미기록종 해파리 출현 시 즉시 통보			"
2019071800 ,"  ○ 전국 연안 노무라입깃해파리 밀집 출현 지속 전망"
2018110800 ,"			"
2018110800 ," ○ 대량출현 해파리 발견율 지속 감소 전망"
2019091100 ,"  ○ 제주, 전남, 경남, 부산, 울산, 경북 해역 노무라입깃해파리 주의보 발령     ※ 지자체 제거작업 수행 중  ○ 강원, 인천, 경기, 충남 해역 노무라입깃해파리 예찰 철저  ○ 맹독성·미기록종 해파리 출현 시 즉시 통보			"
2019091100 ,"  ○ 노무라입깃해파리 경기, 인천, 강원 출현율 증가 전망  ○ 전국 연안 보름달물해파리 밀집 출현 점진적 감소 전망"
2019101000 ,"  ○ 제주, 전남, 경남 해역 노무라입깃해파리 주의보 해제 (9.30)     ※ 부산, 울산, 경북은 주의보 유지  ○ 강원, 인천, 경기, 충남 해역 노무라입깃해파리 예찰"
2019101000 ,"  ○ 노무라입깃해파리 근해이동에 따른 연안 발견율 감소전망  ○ 독성해파리 연안 발견율 감소전망"
2019121200 ,"			"
2019121200 ,"○ 대량 발생 해파리 발견율 지속 감소 전망"
2021090900 ,"2021.09.02.~09.08. 총 : 17건○노무라입깃해파리 : 15건   - 충남 1건   - 전남 1건   - 경남 1건   - 부산 1건   - 제주 11건○보름달물해파리 : 2건   - 경남 1건   - 제주 1건 "
2021092400 ,"  ○ 노무라입깃해파리 주의 단계 특보발령     - 전남, 제주 (6.23.)     - 경남~경북 (7.19.)     - 강원 (7.30.)  ○ 보름달물해파리 주의단계 특보발령     - 전남 득량만~경남 (6.23.)  ○ 특보 발령 해역 지자체 제거 작업 수행 중"
2021090900 ,"  ○ 노무라입깃해파리 주의 단계 특보발령     - 전남, 제주 (6.23.)     - 경남~경북 (7.19.)     - 강원 (7.30.)  ○ 보름달물해파리 주의단계 특보발령     - 전남 득량만~경남 (6.23.)  ○ 특보 발령 해역 지자체 제거 작업 수행 중"
2021072200 ,"  ○ 노무라입깃해파리 주의단계 특보발령     - 전남, 제주 (6.23.)     - 경남~경북 (7.19.)  ○ 보름달물해파리 주의단계 특보발령     - 전남 득량만~경남 (6.23.)  ○ 해파리 대량출현 및 어업피해 시 즉시 통보 요망  ○ 독성해파리 출현증가에 따른 예찰 강화"
2021072200 ,"  ○ 전 해역 연안에 노무라입깃해파리 고밀도 출현 전망  ○ 일부 연안에 보름달물해파리 고밀도 출현 전망  ○ 독성해파리 출현 증가 전망"
2021071500 ,"2021.07.08.~07.14. 총 : 66건○노무라입깃해파리 : 42건   - 경남 통영 만지도   - 경남 통영 흰작살해수욕장   - 부산 해운대해수욕장   - 부산 송정해수욕장   - 부산 기장 동백리 449   - 울산 대왕암공원   - 울산 몽돌해변   - 울산 강동해변 2건   - 울산 일산지 앞바다 2건   - 경북 포항 구룡포해수욕장   - 경북 경주 송주말등대   - 경북 경주 감포 2건   - 경북 경주 감포읍 연동길 16 2건   - 경북 경주 감포읍 동해안로 2560   - 경북 경주 고아라해변 3건   - 경북 영덕 대탄리 26-1   - 경북 울진 후포리 3건   - 강원 고성 삼포해변   - 제주 월정리해수욕장 2건   - 제주 우도 하고수동   - 제주 대평포구   - 제주 판포포구   - 제주 곽지해수욕장   - 제주 정주항   - 제주 애월   - 제주 애월 구엄리 돌염전 2건   - 제주 조천읍 북촌리 403-9   - 제주 연대포구   - 제주 산호해수욕장   - 제주 하도해수욕장 2건   - 제주 함덕해수욕장○보름달물해파리 : 10건   - 충남 태안 만리포해수욕장   - 전남 완도 노래하는 등대   - 전남 보성 보성읍 회춘리 57 3건   - 전남 고흥 풍류해수욕장   - 경남 통영 예포마을   - 경남 창원 월포동 6-2   - 강원 동해 묵호항   - 제주 행원포구○꽃모자갈퀴손파리 : 1건   - 충남 태안 방포해수욕장○두빛보름달해파리 : 3건   - 강원 강릉 금진해변   - 강원 강릉 등명해변 2건○유령해파리 : 1건   - 제주 금성리○작은부레관해파리 : 1건   - 제주 섶섬○커튼원양해파리 : 3건   - 부산 광안리해수욕장   - 강원 강릉 금진해변   - 강원 속초○투구빗해파리 : 1건   - 제주 평대리○쏘임사고 : 4건"
2021092400 ,""
2021090900 ,"  ○ 전국 연안 노무라입깃해파리, 보름달물해파리 밀집 출현 해역 점진적 감소 전망     - 노무라입깃해파리 근해 이동으로 밀집 출현 해역 및 연안 발견율 감소 전망     - 보름달물해파리 자연 소멸로 밀집 출현 해역 감소 전망"
2021092400 ,"  ○ 전국 연안 노무라입깃해파리, 보름달물해파리 밀집 출현 해역은 점진적 감소 전망     - 노무라입깃해파리 근해 이동으로 밀집 출현 해역 및 연안 발견율 감소 전망     - 보름달물해파리 자연 소멸로 밀집 출현 해역 감소 전망"
2021091600 ,"○ 노무라입깃해파리 주의 단계 특보발령- 전남, 제주 (6.23.)- 경남~경북 (7.19.)- 강원 (7.30.)○ 보름달물해파리 주의단계 특보발령- 전남 득량만~경남 (6.23.)○ 특보 발령 해역 지자체 제거 작업 수행 중"
2019110700 ,"○ 부산, 울산, 포항 노무라입깃해파리 주의보 해제(11.1)"
2021092400 ,"2021.09.16.~09.23. 총 : 18건○노무라입깃해파리 : 12건   - 경남 2건   - 경북 1건   - 강원 5건   - 제주 4건○유령해파리 : 2건   - 경북 1건   - 제주 1건○투구빗해파리 : 1건   - 전북 1건○푸른우산관해파리 : 2건   - 전남 1건   - 경북 1건○쏘임사고 : 1건   - 강원 1건"
2021101400 ,"2021.10.07.~10.13. 총 : 18건○노무라입깃해파리 : 4건   - 강원 3건   - 전남 1건○보름달물해파리 : 7건   - 경남 7건○오이빗해파리 : 1건   - 경남 1건○유령해파리 : 2건   - 경남 2건○푸른우산관해파리 : 4건   - 제주 4건"
2021102100 ,"  ○ 노무라입깃해파리 주의 단계 특보발령     - 전남, 제주 (6.23.)     - 경남~경북 (7.19.)     - 강원 (7.30.)  ○ 보름달물해파리 주의단계 특보발령     - 전남 득량만~경남 (6.23.)  ○ 특보 발령 해역 지자체 제거 작업 수행 중"
2021102100 ,"  ○ 전국 연안 노무라입깃해파리, 보름달물해파리 출현율 점차 감소 전망 "
2021101400 ,"  ○ 노무라입깃해파리 주의 단계 특보발령     - 전남, 제주 (6.23.)     - 경남~경북 (7.19.)     - 강원 (7.30.)  ○ 보름달물해파리 주의단계 특보발령     - 전남 득량만~경남 (6.23.)  ○ 특보 발령 해역 지자체 제거 작업 수행 중"
2021101400 ,"  ○ 전국 연안 노무라입깃해파리, 보름달물해파리 출현율 점차 감소 전망 "
2021102100 ,"2021.10.14.~10.20. 총 : 5건○노무라입깃해파리 : 1건   - 강원 1건○네잎백합해파리 : 1건   - 경남 1건○오이빗해파리 : 1건   - 경남 1건○유령해파리 : 1건   - 경남 1건○푸른우산관해파리 : 1건   - 전남 1건"
2021102800 ,"  ○ 노무라입깃해파리 주의 단계 특보발령     - 전남, 제주 (6.23.)     - 경남~경북 (7.19.)     - 강원 (7.30.)  ○ 보름달물해파리 주의단계 특보발령     - 전남 득량만~경남 (6.23.)"
2021102800 ,"  ○ 전국 연안 노무라입깃해파리, 보름달물해파리 출현율 점차 감소 전망     - 일부 해역 노무라입깃해파리, 보름달물해파리 집적되어 출현 "
2021102800 ,"2021.10.21.~10.27. 총 : 1건○노무라입깃해파리 : 1건   - 강원 1건"
2018071200 ,"		  ○ 독성해파리 연안 지속출현에 따른 해수욕장 관련기관 안전관리 철저   ○ 해파리 밀집출현 해역 해당기관 모니터링 및 어업피해 조사결과 통보 요망 	"
2018071200 ,"  ○ 보름달물해파리 밀집출현 해역 증가 전망  ○ 노무라입깃해파리 및 기타 독성해파리 발견율 증가 전망"
2018051000 ,"	  ○ 보름달물해파리 유체(2~3cm) 출현에 따라 관련기관 모니터링 수행  ○ 대량출현 및 어업피해 발생 시 즉시 통보		"
2018051000 ,"   ○ 보름달물해파리 성장 및 밀집출현 해역 증가 전망   ○ 동계종인 두빛보름달물해파리 수온상승에 따라 발견율 감소 전망"
2018052400 ,"○ 보름달물해파리 성장 및 밀집출현 해역분포에 따라 관련기관 모니터링 수행 요망○ 대량출현 및 어업피해 발생 시 즉시 통보		"
2018052400 ,"○ 보름달물해파리 성장 및 밀집출현 해역 증가 전망○ 동계종인 두빛보름달물해파리 수온상승에 따라 발견율 감소 전망"
2018092800 ,"○ 해파리 국지적 밀집출현 지속 발견 시 통보 요망"
2018092800 ,"○ 대량출현 해파리 발견율 지속 감소 전망"
2018101800 ,"○ 해파리 국지적 밀집출현 지속 발견 시 통보 요망"
2018101800 ,"○ 대량출현 해파리 발견율 지속 감소 전망"
2018112900 ,"			"
2018112900 ,"○ 대량출현 해파리 발견율 지속 감소 전망"
2020061800 ,"○ 노무라입깃해파리 주의보 발령(제주, 전남, 경남/6.16)○ 보름달물해파리 주의보 발령(전남 득량만, 경남 남해~거제/6.16)○ 해파리 대량 출현 및 어업피해 발생 시 즉시 통보		"
2020061800 ,"○ 노무라입깃해파리, 보름달물해파리 밀집출현해역 증가○ 독성해파리 출현 전망"
2019081400 ,"  ○ 제주, 전남, 경남, 부산, 울산, 경북 해역 노무라입깃해파리 주의보 발령     ※ 지자체 제거작업 수행 중  ○ 전남, 경북, 강원 해역에 노무라입깃해파리 어업 피해조사 철저, 결과 통보  ○ 독성해파리 연안 출현으로 해수욕장 관련기관 안전관리 철저  ○ 맹독성·미기록종 해파리 출현 시 즉시 통보			"
2019081400 ,"  ○ 전국 연안 노무라입깃해파리 밀집 출현 지속 전망  ○ 보름달물해파리 전국 연안 밀집 출현 점진적 감소 전망"
2021072200 ,"2021.07.15.~07.21. 총 : 133건○노무라입깃해파리 : 80건   - 전남 완도 신지면 동고리지선   - 전남 진도 조도면 다시마양식장   - 전남 여수 거문도 해경부두   - 전남 여수 거문도부두   - 경남 거제 거제도   - 경남 거제 학동흑진주몽돌해변 3건   - 경남 거제 함목해수욕장   - 부산 오륙도 3건   - 부산 광안리   - 부산 송정해수욕장 2건   - 부산 기장 연화리   - 부산 기장 해동용궁사   - 부산 일광해수욕장   - 울산 주전몽돌해수욕장   - 울산 강동몽돌해수욕장   - 울산 일산해수욕장   - 울산 남진해변   - 울산 구유동 해변수변공원   - 울산 방어동 방어진순환도로 400 2건   - 울산 동구 등대로 110   - 울산 울주 신암1리   - 경북 경주 감포읍 동해안로 2630   - 경북 경주 감포읍 오류리 18-4 4건   - 제주 월정리해수욕장   - 경북 경주 전촌항 사룡굴   - 경북 경주 문무대왕릉 2건   - 경북 경주 송대말등대   - 경북 포항 칠포해수욕장   - 경북 포항 화진해수욕장   - 경북 포항 영일만항   - 경북 포항 오도 2리   - 경북 포항 계원 2리 방파제   - 경북 포항 장기면 영암길 70   - 경북 영덕 대진항   - 경북 영덕 대진해수욕장   - 경북 영덕 부흥해수욕장 2건   - 경북 영덕 장사해수욕장   - 경북 영덕 덕천해수욕장   - 경북 영덕 대탄해변   - 경북 영덕 원척 1길 2-1   - 경북 영덕 축산항 2길 11   - 경북 울진 대게공원   - 경북 울진 후정해수욕장   - 강원 삼척 장호리   - 강원 삼척 장호항 2건   - 강원 삼척 문암해변   - 강원 삼척 갈남해변   - 강원 고성 오호항   - 강원 고성 문암해수욕장   - 제주 곽지해수욕장   - 제주 새화해수욕장   - 제주 금능해수욕장   - 제주 표선해수욕장 2건   - 제주 세화2리   - 제주 고산리   - 제주 쇠소깍해변   - 제주 황우지해안   - 제주 한동리 해안   - 제주 새끼섬   - 제주 하예동 논짓물   - 제주 한림읍   - 제주 한림해안로   - 제주 연대마을길 66-1   - 제주 삼양일동 샛도리물   - 제주 구좌포구   - 제주 소천지   - 제주 구좌방파제 등대○보름달물해파리 : 30건   - 전남 강진 마량항 2    - 전남 완도 신지면 동고리지선   - 전남 보성 비봉리-해평 4리   - 전남 장흥 노력항 2건   - 전남 고흥 팔영대교   - 전남 고흥 소록대교   - 전남 고흥 소록도   - 전남 고흥 소록도항   - 전남 고흥 녹동항 6건   - 경남 남해   - 경남 남해 모상개   - 경남 사천 한려해상국립공원   - 경남 고성 신월리   - 경남 고성 고성읍 공룡로 3165   - 경남 통영 도남동 트라이애슬론광장   - 경남 거제 고현   - 경남 거제 구조라해수욕장   - 경남 거제 사등면 진두마을   - 경남 거제 장목면 장목1길 41 부둣가   - 경남 거제 사등면 성포로 3길 3   - 경남 창원 삼귀로 167   - 강원 고성 초도해변   - 제주 삼양해수욕장○두빛보름달해파리 : 5건   - 경북 울진 봉평해수욕장   - 강원 삼척 초곡 용굴촛대바위길 2건   - 강원 강릉 심곡항   - 강원 고성 초도해변○유령해파리 : 2건   - 강원 삼척 초곡 용굴촛대바위길   - 강원 속초○작은부레관해파리 : 6건   - 부산 해운대해수욕장 4건   - 울산 진하해수욕장   - 제주 표선해수욕장○작은상자해파리 : 1건   - 제주 외도이동○커튼원양해파리 : 6건   - 경남 고성 고성읍 공룡로 3165   - 경남 거제 진두마을   - 경북 포항 화진해수욕장   - 강원 강릉 경포해변 2건   - 강원 고성 초도해변○쏘임사고 : 3건   - 울산 진하해수욕장   - 제주 정주항   - 제주 표선해수욕장"
2019110700 ,"○ 대량 발생 해파리 발견율 지속 감소 전망"
2019080800 ,"  ○ 제주, 전남, 경남, 부산, 울산, 경북 해역 노무라입깃해파리 주의보 발령  ○ 경상북도, 부산, 울산 노무라입깃해파리 모니터링 및 어업피해 조사 철저, 결과 통보  ○ 독성해파리 연안 출현으로 해수욕장 관련기관 안전관리 철저  ○ 맹독성·미기록종 해파리 출현 시 즉시 통보			"
2019080800 ,"  ○ 전국 연안 노무라입깃해파리 밀집 출현 지속 전망"
2021072900 ,"2021.07.22.~07.28. 총 : 140건○노무라입깃해파리 : 88건   - 전남 2건   - 경남 7건   - 부산 2건   - 울산 1건   - 경북 30건   - 강원 36건   - 제주 10건○보름달물해파리 : 9건   - 전남 3건   - 경남 4건   - 부산 1건   - 강원 1건○기수식용해파리 : 1건   - 전남 1건○두빛보름달해파리 : 9건   - 강원 9건○유령해파리 : 6건   - 울산 3건   - 강원 2건   - 제주 1건○작은부레관해파리 : 4건   - 경남 1건   - 경북 2건   - 제주 1건○작은상자해파리 : 2건   - 경남 2건○커튼원양해파리 : 6건   - 전남 2건   - 경남 2건   - 강원 2건○평면해파리 : 2건   - 경남 1건   - 강원 1건○푸른우산관해파리 : 8건   - 경북 1건   - 강원 1건   - 제주 6건○쏘임사고 : 5건   - 경남 1건   - 경북 2건   - 제주 2건"
2021072900 ,"  ○ 노무라입깃해파리 주의단계 특보발령     - 전남, 제주 (6.23.)     - 경남~경북 (7.19.)  ○ 보름달물해파리 주의단계 특보발령     - 전남 득량만~경남 (6.23.)  ○ 해파리 대량출현 및 어업피해 시 즉시 통보 요망  ○ 독성해파리 출현증가에 따른 예찰 강화"
2021072900 ,"  ○ 전 해역 연안에 노무라입깃해파리 고밀도 출현 전망  ○ 일부 연안에 보름달물해파리 고밀도 출현 전망  ○ 독성해파리 출현 증가 전망"
2018061400 ,"	  ○ 독성 해파리 본격 출현시작으로 해수욕장 관련기관 안전관리 철저   ○ 해파리 대량출현 및 어업피해 발생 시 즉시 통보 		"
2018061400 ,"  ○ 보름달물해파리 밀집출현 해역 증가 전망  ○ 노무라입깃해파리 및 기타 독성해파리 출현 증가 전망"
2018062100 ,"	  ○ 독성해파리 연안 지속출현에 따른 해수욕장 관련기관 안전관리 철저   ○ 해파리 밀집출현 해역 해당기관 모니터링 및 어업피해 조사결과 통보 요망 		"
2018062100 ,"  ○ 보름달물해파리 밀집출현 해역 증가 전망  ○ 노무라입깃해파리 및 기타 독성해파리 발견율 증가 전망"
2018081600 ," ○ 독성해파리 연안 지속출현에 따른 해수욕장 관련기관 안전관리 철저  ○ 해파리 밀집출현 해역 해당기관 모니터링 및 어업피해 조사결과 통보 요망		"
2018081600 ,"  ○ 보름달물해파리 밀집출현 지속 전망  ○ 노무라입깃해파리 및 기타 독성해파리 발견율 증가 전망"
2018092000 ," ○ 해파리 국지적 밀집출현 지속 발견 시 통보 요망"
2018092000 ," ○ 보름달물해파리 자연소멸에 따른 밀집출현 해역 및 발견율 지속 감소 전망 ○ 노무라입깃해파리 및 독성해파리 근해 이동으로 연안 발견율 감소 전망 "
2018101100 ,"○ 해파리 국지적 밀집출현 지속 발견 시 통보 요망"
2018101100 ,"○ 대량출현 해파리 발견율 지속 감소 전망"
2018121300 ,"			"
2019060501 ,"  ○ 보름달물해파리 유체 출현에 따라 관련기관 모니터링 수행  ○ 대량출현 및 어업피해 발생 시 즉시 통보  ○ 미기록 또는 맹독성 해파리 발생 시 즉시 통보			"
2019060501 ,"  ○ 보름달물해파리 성장 및 밀집출현 해역 증가 전망  ○ 노무라입깃해파리 및 기타 독성해파리 출현 전망"
2019052300 ,"	  ○ 보름달물해파리 유체 출현에 따라 관련기관 모니터링 수행  ○ 대량출현 및 어업피해 발생 시 즉시 통보  ○ 미기록 또는 맹독성 해파리 발생 시 즉시 통보		"
2019052300 ,"  ○ 보름달물해파리 성장 및 밀집출현 해역 증가 전망  ○ 노무라입깃해파리 및 기타 독성해파리 출현 전망"
2019100200 ,"  ○ 제주, 전남, 경남 해역 노무라입깃해파리 주의보 해제 (9.30)      ※ 부산, 울산, 경북은 주의보 유지  ○ 강원, 인천, 경기, 충남 해역 노무라입깃해파리 예찰"
2019100200 ,"  ○ 노무라입깃해파리 근해이동에 따른 연안 발견율 감소전망  ○ 독성해파리 연안 발견율 감소전망"
2019082200 ,"  ○ 제주, 전남, 경남, 부산, 울산, 경북 해역 노무라입깃해파리 주의보 발령     ※ 지자체 제거작업 수행 중  ○ 전남, 경북, 강원 해역에 노무라입깃해파리 어업 피해조사 철저, 결과 통보  ○ 독성해파리 연안 출현으로 해수욕장 관련기관 안전관리 철저  ○ 맹독성·미기록종 해파리 출현 시 즉시 통보"
2019082200 ,"  ○ 전국 연안 노무라입깃해파리, 보름달물해파리 밀집 출현 점진적 감소 전망"
2019101700 ,"○ 제주, 전남, 경남 해역 노무라입깃해파리 주의보 해제 (9.30)    ※ 부산, 울산, 경북은 주의보 유지○ 강원, 인천, 경기, 충남 해역 노무라입깃해파리 예찰		"
2019101700 ,"○ 노무라입깃해파리 전 연안 개체수 감소하고 있으나, 11월까지 소량 지속출현 전망○ 독성해파리 연안 발견율 감소전망"
2019102400 ,"  ○ 부산, 울산, 포항 노무라입깃해파리 주의보  ○ 인천, 부산, 강원 해역 노무라입깃해파리 예찰"
2019102400 ,"  ○ 대량 발생 해파리 발견율 지속 감소 전망"
2019111400 ,"			"
2019111400 ,"○ 대량 발생 해파리 발견율 지속 감소 전망"
2020052100 ,"○ 대량출현 및 어업피해 발생 시 통보바람"
2020052100 ,"○ 노무라입깃해파리 출현 해역 증가 전망"
2020062500 ,"  ○ 노무라입깃해파리 주의보 발령(제주, 전남, 경남/6.16)  ○ 보름달물해파리 주의보 발령(전남 득량만, 경남 남해~거제/6.16)  ○ 해파리 대량 출현 및 어업피해 발생 시 즉시 통보			"
2020062500 ,"  ○ 노무라입깃해파리, 보름달물해파리 밀집출현해역 증가  ○ 독성해파리 출현 전망"
2020092400 ,"  ○ 노무라입깃해파리 주의보 발령      (제주, 전남, 경남: 6.16/ 부산: 7.29/ 울산, 경북: 8.7/ 강원: 8.19)  ○ 보름달물해파리 주의보 발령(전남 득량만, 경남 남해~거제/6.16)  ○ 해파리 대량 출현 및 어업피해 발생 시 즉시 통보  ○ 경북, 강원 해역 독성해파리 유입이 있으므로 주의 및 발생 즉시 통보	"
2020092400 ,"  ○ 주의보 발령된 전남, 경남, 부산~강원 해역에 노무라입깃해파리 유입 지속  ○ 보름달물해파리 점차 감소 추세"
2021090200 ,"2021.08.26.~09.01. 총 : 86건○노무라입깃해파리 : 72건   - 인천 1건   - 전남 3건   - 경남 4건   - 부산 12건   - 울산 14건   - 경북 1건   - 강원 8건   - 제주 29건○보름달물해파리 : 1건   - 인천 1건 ○꽃모자해파리 : 1건   - 제주 1건○두빛보름달 : 1건   - 강원 1건○유령해파리 : 8건   - 강원 1건   - 제주 7건○푸른우산관해파리 : 2건   - 제주 2건○쏘임사고 : 1건   - 제주 1건"
2021080500 ,"2021.07.29.~08.04. 총 : 232건○노무라입깃해파리 : 157건   - 전남 11건   - 경남 24건   - 부산 2건   - 울산 25건   - 경북 43건   - 강원 17건   - 제주 35건○보름달물해파리 : 18건   - 전남 7건   - 경남 8건   - 부산 1건   - 강원 1건   - 제주 1건○두빛보름달해파리 : 11건   - 경북 2건   - 강원 9건○유령해파리 : 6건   - 경남 1건   - 울산 1건   - 경북 1건   - 제주 2건○작은부레관해파리 : 1건   - 강원 1건○작은상자해파리 : 7건   - 경남 6건   - 경북 1건○커튼원양해파리 : 9건   - 전남 2건   - 경남 5건   - 경북 1건   - 제주 1건○투구빗해파리 : 1건   - 전남 1건○평면해파리 : 7건   - 경기 1건   - 전남 3건   - 경남 3건○푸른우산관해파리 : 5건   - 경북 1건   - 강원 2건   - 제주 2건○쏘임사고 : 10건   - 경남 2건   - 부산 2건   - 경북 2건   - 강원 1건   - 제주 3건"
2021082600 ,"2021.08.19.~08.25. 총 : 59건○노무라입깃해파리 : 41건   - 충남 1건   - 전남 6건   - 경남 11건   - 부산 1건   - 강원 1건   - 제주 21건○오이빗해파리 : 1건   - 제주 1건 ○유령해파리 : 4건   - 경남 1건   - 경북 1건   - 제주 2건○작은부레관해파리 : 2건   - 경남 2건○작은상자해파리 : 4건   - 경남 3건   - 제주 1건○평면해파리 : 2건   - 경남 1건   - 제주 1건○Velella velella : 2건   - 경남 1건   - 경북 1건○쏘임사고 : 3건   - 충남 2건   - 제주 1건"
2021080500 ,"  ○ 노무라입깃해파리 주의 단계 특보발령     - 전남, 제주 (6.23.)     - 경남~경북 (7.19.)     - 강원 (7.30.)  ○ 보름달물해파리 주의단계 특보발령     - 전남 득량만~경남 (6.23.)  ○ 해파리 대량출현 및 어업피해 시 즉시 통보 요망  ○ 독성해파리 출현증가에 따른 예찰 강화"
2021080500 ,"  ○ 전 해역 노무라입깃해파리 지속적으로 고밀도 출현 전망  ○ 제주, 경남, 부산~강원 연안(해수욕장) 독성해파리 출현 증가 "
2021090200 ,"  ○ 노무라입깃해파리 주의 단계 특보발령     - 전남, 제주 (6.23.)     - 경남~경북 (7.19.)     - 강원 (7.30.)  ○ 보름달물해파리 주의단계 특보발령     - 전남 득량만~경남 (6.23.)  ○ 특보 발령 해역 지자체 제거 작업 수행 중  ○ 해파리 대량출현 및 어업피해 시 즉시 통보 요망"
2021090200 ,"  ○ 전국 연안 노무라입깃해파리, 보름달물해파리 밀집 출현 해역 점진적 감소 전망"
2021082600 ,"  ○ 노무라입깃해파리 주의 단계 특보발령     - 전남, 제주 (6.23.)     - 경남~경북 (7.19.)     - 강원 (7.30.)  ○ 보름달물해파리 주의단계 특보발령     - 전남 득량만~경남 (6.23.)  ○ 특보 발령 해역 지자체 제거 작업 수행 중  ○ 해파리 대량출현 및 어업피해 시 즉시 통보 요망"
2021082600 ,"  ○ 전국 연안 노무라입깃해파리, 보름달물해파리 밀집 출현 해역     점진적 감소 전망"
2018080200 ,"  ○ 독성해파리 연안 지속출현에 따른 해수욕장 관련기관 안전관리 철저   ○ 해파리 밀집출현 해역 해당기관 모니터링 및 어업피해 조사결과 통보 요망 			"
2018080200 ,"  ○ 보름달물해파리 밀집출현 지속 전망  ○ 노무라입깃해파리 및 기타 독성해파리 발견율 증가 전망"
2018091300 ,"  ○ 9월 11일 전남 득량만 및 고흥 남부해역 보름달물해파리 주의보 해제  ○ 해파리 밀집 출현 지속 발견 시 통보 요망"
2018091300 ,"  ○ 보름달물해파리 자연소멸에 따른 밀집출현 해역 및 발견율 지속 감소 전망  ○ 노무라입깃해파리 및 독성해파리 근해로의 이동에 따른 연안 발견율 감소 전망"
2018112200 ,"		  ○ 대량출현 해파리 발견율 지속 감소 전망"
2018120600 ,"			"
2019051600 ,"			  ○ 보름달물해파리 유체 출현에 따라 관련기관 모니터링 수행  ○ 대량출현 및 어업피해 발생 시 즉시 통보  ○ 미기록 또는 맹독성 해파리 발생 시 즉시 통보"
2019051600 ,"  ○ 보름달물해파리 성장 및 밀집출현 해역 증가 전망  ○ 노무라입깃해파리 및 기타 독성해파리 출현 전망"
2019062000 ,"	  ○ 보름달물해파리 성체 출현에 따라 관련기관 모니터링 수행  ○ 해파리 밀집출현해역 해당기관 모니터링 및 어업피해 조사결과 통보요망  ○ 독성해파리 출현시작으로 해수욕장 관련기관 안전관리 철저  ○ 맹독성 해파리 발생시 즉시 통보		"
2019062000 ,"  ○ 전남·전북, 경남 보름달물해파리 밀집출현 해역 증가 전망  ○ 제주도, 남해, 남해동부 노무라입깃해파리 및 기타 독성해파리 출현 전망"
2019061401 ,"  ○ 보름달물해파리 성체 출현에 따라 관련기관 모니터링 수행  ○ 해파리 밀집출현해역 해당기관 모니터링 및 어업피해 조사결과 통보요망  ○ 독성해파리 출현시작으로 해수욕장 관련기관 안전관리 철저"
2019061401 ,"  ○ 보름달물해파리 성장 및 밀집출현 해역 증가 전망  ○ 노무라입깃해파리 및 기타 독성해파리 출현 전망"
2019071100 ,"	  ○ 해파리 출현 전 지역 해당기관 모니터링 실시 철저 및 조사결과 통보  ○ 독성해파리 연안 출현으로 해수욕장 관련기관 안전관리 철저  ○ 맹독성·미기록종 해파리 출현 시 즉시 통보		"
2019071100 ,"  ○ 전국 연안 노무라입깃해파리 및 기타 독성해파리 출현 증가 전망  ○ 전국 연안 보름달물해파리 출현 및 경기, 전남, 전북, 경남 밀집출현 전망"
2018112200 ,
2021060300 ,"2021.05.27.~06.02. 총 : 16건○보름달물해파리 : 10건- 인천 내항 6부두- 전남 여수 웅천친수공원 2건- 전남 여수 웅천남4로 17- 경남 고성 내신어촌계 방파제- 경남 거제 구조라- 경남 거제 옥림 옥화마을- 경남 거제 지세포방파제- 경남 창원 진해만- 부산 가덕도 포진지○두빛보름달해파리 : 1건- 강원 강릉 주문진 소돌해변○작은부레관해파리 : 2건- 제주 금성천- 제주 우도 검멀레해안○커튼원양해파리 : 2건- 전남 목포 낭항- 경남 창원 삼귀해변○평면해파리 : 1건- 울산 강동몽돌해변"
2021091600 ,"○ 제 14호 찬투 태풍의 영향으로 해파리 출현 변동폭이 클 것으로 예상되나, 전국 연안 노무라입깃해파리, 보름달물해파리 밀집 출현 해역은 점진적 감소 전망"
2021081200 ,"2021.08.05.~08.11. 총 : 208건○노무라입깃해파리 : 136건   - 전남 15건   - 경남 34건   - 부산 17건   - 울산 10건   - 경북 35건   - 강원 4건   - 제주 21건○보름달물해파리 : 16건   - 전남 5건   - 경남 10건   - 경북 1건○두빛보름달해파리 : 17건   - 경북 4건   - 강원 13건○유령해파리 : 10건   - 전남 1건   - 경남 1건   - 부산 1건   - 제주 7건○작은상자해파리 : 12건   - 전남 2건   - 경남 8건   - 경북 1건   - 제주 1건○커튼원양해파리 : 2건   - 강원 2건○평면해파리 : 1건   - 전북 1건○푸른우산관해파리 : 10건   - 전남 2건   - 경남 4건   - 부산 3건   - 제주 1건○쏘임사고 : 4건   - 강원 1건   - 제주 3건"
2021091600 ,"2021.09.09.~09.15. 총 : 54건○노무라입깃해파리 : 44건   - 경남 6건   - 부산 4건   - 울산 4건   - 경북 4건   - 강원 17건   - 제주 9건○보름달물해파리 : 3건   - 경남 3건○유령해파리 : 6건   - 경남 1건   - 부산 2건   - 제주 3건○푸른우산관해파리 : 1건   - 제주 1건"
2021092300 ,"  ○ 노무라입깃해파리 주의 단계 특보발령     - 전남, 제주 (6.23.)     - 경남~경북 (7.19.)     - 강원 (7.30.)  ○ 보름달물해파리 주의단계 특보발령     - 전남 득량만~경남 (6.23.)  ○ 특보 발령 해역 지자체 제거 작업 수행 중"
2021092300 ,"○ 전국 연안 노무라입깃해파리, 보름달물해파리 밀집 출현 해역은 점진적 감소 전망  - 노무라입깃해파리 근해 이동으로 밀집 출현 해역 및 연안 발견율 감소 전망  - 보름달물해파리 자연 소멸로 밀집 출현 해역 감소 전망"
2021092300 ,"2021.09.16.~09.23. 총 : 18건○노무라입깃해파리 : 12건   - 경남 2건   - 경북 1건   - 강원 5건   - 제주 4건○유령해파리 : 2건   - 경북 1건   - 제주 1건○투구빗해파리 : 1건   - 전북 1건○푸른우산관해파리 : 2건   - 전남 1건   - 경북 1건○쏘임사고 : 1건   - 강원 1건"
2021093000 ,"2021.09.24.~09.29. 총 : 10건○노무라입깃해파리 : 5건   - 경남 1건   - 강원 2건   - 제주 2건○오이빗해파리 : 3건   - 충남 3건○푸른우산관해파리 : 2건   - 전남 1건   - 경북 1건"
2021100700 ,"  ○ 노무라입깃해파리 주의 단계 특보발령     - 전남, 제주 (6.23.)     - 경남~경북 (7.19.)     - 강원 (7.30.)  ○ 보름달물해파리 주의단계 특보발령     - 전남 득량만~경남 (6.23.)  ○ 특보 발령 해역 지자체 제거 작업 수행 중"
2021100700 ,"  ○ 전국 연안 노무라입깃해파리, 보름달물해파리 출현율 점차 감소 전망 "
2021093000 ,"  ○ 노무라입깃해파리 주의 단계 특보발령     - 전남, 제주 (6.23.)     - 경남~경북 (7.19.)     - 강원 (7.30.)  ○ 보름달물해파리 주의단계 특보발령     - 전남 득량만~경남 (6.23.)  ○ 특보 발령 해역 지자체 제거 작업 수행 중"
2021093000 ,"  ○ 전국 연안 노무라입깃해파리, 보름달물해파리 출현율 점차 감소 전망 "
2021100700 ,"2021.09.30.~10.06. 총 : 9건○노무라입깃해파리 : 8건   - 강원 8건○투구빗해파리 : 1건   - 충남 1건"
2017120700 ,"	  ○ 보름달물해파리와 노무라입깃해파리에 대한 모니터링 12월 14일까지 지속 추진		"
2017120700 ,"  ○ 12월에는 전국 연안에서 해파리의 발견율이 낮은 추세로 유지될 것으로 전망됨"
2018090600 ,"  ○ 해파리 밀집출현 해역 해당기관 모니터링 및 어업피해 조사결과 통보 요망			"
2018090600 ,"  ○ 보름달물해파리 자연소멸에 따른 밀집출현 해역 및 발견율 지속 감소 전망  ○ 노무라입깃해파리 및 독성해파리 근해로의 이동에 따른 연안 발견율 감소 전망 "
2018060700 ,"  ○ 보름달물해파리 출현율 증가로 관련기관 모니터링 수행 요망  ○ 해파리 대량출현 및 어업피해 발생 시 즉시 통보"
2018060700 ,"  ○ 보름달물해파리 밀집출현 해역 증가 전망  ○ 동계종인 두빛보름달해파리는 수온상승에 따라 발견율 감소 전망  ○ 노무라입깃해파리 6월 이후 출현시작 할 것으로 전망"
2018082300 ,"○ 독성해파리 연안 지속출현에 따른 해수욕장 관련기관 안전관리 철저 ○ 해파리 밀집출현 해역 해당기관 모니터링 및 어업피해 조사결과 통보 요망		"
2018082300 ,"○ 보름달물해파리 밀집출현 지속 전망○ 노무라입깃해파리 및 기타 독성해파리 발견율 증가 전망"
2019072500 ,"  ○ 제주, 전남, 경남 해역 노무라입깃해파리 주의보 발령  ○ 해파리 밀집해역 해당기관 모니터링 및 어업피해 조사결과 통보  ○ 독성해파리 연안 출현으로 해수욕장 관련기관 안전관리 철저  ○ 맹독성·미기록종 해파리 출현 시 즉시 통보			"
2019072500 ,"  ○ 전국 연안 노무라입깃해파리 밀집 출현 지속 전망"
2019053000 ,"  ○ 보름달물해파리 유체 출현에 따라 관련기관 모니터링 수행  ○ 대량출현 및 어업피해 발생 시 즉시 통보  ○ 미기록 또는 맹독성 해파리 발생 시 즉시 통보			"
2019053000 ,"  ○ 보름달물해파리 성장 및 밀집출현 해역 증가 전망  ○ 노무라입깃해파리 및 기타 독성해파리 출현 전망"
2019080800 ,"○노무라입깃해파리 : 2건   - 경남 남해 예계   - 경남 거제 지세포항 ○보름달물해파리 : 2건   - 경기 안산 풍도   - 충남 서산 대산항 ○평면 해파리 : 1건   - 부산 기장 임랑 해수욕장 ○푸른우산관해파리 : 1건   - 부산 기장 임랑 해수욕장 ○해파리 미상 : 1건   - 제주 함덕 해수욕장"
2020061100 ,"○ 보름달물해파리 대량 발생 지역 지자체 예찰 강화 요청"
2020061100 ,"○ 노무라입깃해파리 출현 해역 증가○ 보름달물해파리 국지적 밀집 출현 해역 증가"
2019091900 ,"  ○ 제주, 전남, 경남, 부산, 울산, 경북 해역 노무라입깃해파리 주의보 발령     ※ 지자체 제거작업 수행 중  ○ 강원, 인천, 경기, 충남 해역 노무라입깃해파리 예찰 철저  ○ 맹독성·미기록종 해파리 출현 시 즉시 통보"
2019091900 ,"  ○ 노무라입깃해파리 경기, 인천, 강원 출현율 증가 전망  ○ 전국 연안 보름달물해파리 밀집 출현 점진적 감소 전망"
2020082000 ,"  ○ 노무라입깃해파리 주의보 발령  ○ (제주, 전남, 경남: 6.16/ 부산: 7.29/ 울산, 경북: 8.7/ 강원: 8.19)  ○ 보름달물해파리 주의보 발령(전남 득량만, 경남 남해~거제/6.16)  ○ 해파리 대량 출현 및 어업피해 발생 시 즉시 통보  ○ 노무라입깃해파리 고밀도 출현에 따른 전연안 모니터링 강화  ○ 전국 연안 독성해파리 출현에 따른 모니터링 강화    - 쏘임사고 주의 당부		"
2020082000 ,"  ○ 노무라입깃해파리 전연안 출현 증가  ○ 전남, 경남 일부 해역에서 보름달물해파리 밀집출현  ○ 부산, 울산, 경북, 강원 독성해파리 밀집 출현 증가"
2020111900 ,"○ 노무라입깃해파리 주의보 해제(11.11)○ 보름달물해파리 주의보 해제(11.11)			"
2020111900 ,"○ 노무라입깃해파리, 보름달물해파리 전 해역 곧 소멸"
2020112600 ,"○ 노무라입깃해파리 주의보 해제(11.11)○ 보름달물해파리 주의보 해제(11.11)			"
2020112600 ,"○ 노무라입깃해파리, 보름달물해파리 전 해역 곧 소멸"
2021051300 ,"  ○ 대량출현 해파리 정밀조사			"
2021051300 ,"  ○ 보름달물해파리 전 연안 출현 증가 전망  ○ 독성해파리 출현 종 증가"
2021081900 ,"2021.08.12.~08.18.총 : 120건○노무라입깃해파리 : 93건   - 충남 2건   - 전남 12건   - 경남 25건   - 부산 4건   - 울산 4건   - 경북 3건   - 제주 43건○보름달물해파리 : 10건   - 인천 1건   - 전북 2건   - 전남 5건   - 경남 2건○꽃모자해파리 : 1건   - 제주 1건○꽃모자갈퀴손해파리 : 1건   - 경북 1건○두빛보름달해파리 : 1건   - 경북 1건○유령해파리 : 7건   - 전남 1건   - 경남 2건   - 부산 1건   - 강원 1건   - 제주 2건○작은상자해파리 : 1건   - 경남 1건○커튼원양해파리 : 2건   - 전남 1건   - 경남 1건○푸른우산관해파리 : 2건   - 울산 1건   - 제주 1건○쏘임사고 : 2건   - 경남 1건   - 제주 1건"
2021071500 ,"  ○ 노무라입깃해파리, 보름달물해파리 주의단계 특보발령(6.23.)  ○ 해파리 대량출현 및 어업피해 시 즉시 통보 요망"
2021071500 ,"  ○ 전 해역 연안에 노무라입깃해파리 고밀도 출현 전망  ○ 전 해역 연안에 보름달물해파리 고밀도 출현 전망"
2021081900 ,"  ○ 노무라입깃해파리 주의 단계 특보발령     - 전남, 제주 (6.23.)     - 경남~경북 (7.19.)     - 강원 (7.30.)  ○ 보름달물해파리 주의단계 특보발령     - 전남 득량만~경남 (6.23.)  ○ 특보 발령 해역 지자체 제거 작업 수행 중  ○ 해파리 대량출현 및 어업피해 시 즉시 통보 요망  ○ 독성해파리 연안 출현으로 해수욕장, 관련 기관 안전관리 철저"
2021081900 ,"  ○ 전국 연안 노무라입깃해파리, 보름달물해파리 밀집 출현 해역 점진적 감소 전망"
2021111100 ,"  ○ 노무라입깃해파리 주의 단계 특보발령     - 전남, 제주 (6.23.)     - 경남~경북 (7.19.)     - 강원 (7.30.)  ○ 보름달물해파리 주의단계 특보발령     - 전남 득량만~경남 (6.23.)"
2021111100 ,"  ○ 전국 연안 노무라입깃해파리, 보름달물해파리 출현율 점차 감소 전망     - 일부 해역 노무라입깃해파리, 보름달물해파리 집적되어 출현 "
2021110400 ,"  ○ 노무라입깃해파리 주의 단계 특보발령     - 전남, 제주 (6.23.)     - 경남~경북 (7.19.)     - 강원 (7.30.)  ○ 보름달물해파리 주의단계 특보발령     - 전남 득량만~경남 (6.23.)"
2021110400 ,"  ○ 전국 연안 노무라입깃해파리, 보름달물해파리 출현율 점차 감소 전망     - 일부 해역 노무라입깃해파리, 보름달물해파리 집적되어 출현 "
2021110400 ,"2021.10.28.~11.03. 총 : 4건○노무라입깃해파리 : 4건   - 경남 2건   - 경북 1건   - 강원 1건"
2021111800 ,"  ○ 노무라입깃해파리, 보름달물해파리 주의단계 특보 전체 해제(11.12.)"
2021111800 ,"  ○ 전국 연안 노무라입깃해파리, 보름달물해파리 출현율 점차 감소 전망"
2021111800 ,"2021.11.11.~11.17. 총 : 0건"
2023062200 ,"○ (보름달물해파리)    - 06.08. 보름달물해파리 주의단계 특보 발령(경남)    - 06.19. 보름달물해파리 경계단계 특보 대체발령(전북)    - 충남, 전북, 경남해역 모니터링 강화  ○ (독성해파리)    - 제주해역 독성해파리 출현 관련, 지자체 예찰 강화 요청"
2023062200 ,"○ (보름달물해파리) : 전북, 경남 일부 해역에 지속적으로 집적되어 출현 전망○ (노무라입깃해파리) : 남해 연안 저밀도 출현 전망"
2023062200 ,2023.06.15.~06.21.    총 : 32건○노무라입깃해파리 : 1건   - 부산 1건○보름달물해파리 : 17건   - 충남 2건   - 전북 6건   - 경남 8건   - 강원 1건○작은부레관해파리 : 2건   - 제주 2건○두빛보름달해파리 : 3건   - 경북 1건    - 강원 2건   ○커튼원양해파리 : 9건   - 경남 9건
2023061500 ,2023.06.08.~06.14.  총 : 28건○꽃모자해파리 : 1건   - 제주 1건○작은부레관해파리 : 2건   - 제주 2건○보름달물해파리 : 13건   - 충남 1건   - 전북 2건   - 전남 4건   - 경남 5건   - 강원 1건○커튼원양해파리 : 9건   - 경남 9건○Nemopsis dofleini : 2건   - 강원 2건○쏘임사고 : 1건   - 전북 1건
2023061500 ,"○ (보름달물해파리)    - 06.08. 보름달물해파리 주의단계 특보 발령(전북, 경남)    - 충남, 전북, 경남해역 모니터링 강화○ (독성해파리)    - 제주해역 독성해파리 출현 관련, 지자체 예찰 강화 요청"
2023061500 ,"○ (보름달물해파리) : 전북, 경남 일부 해역에 지속적으로 집적되어 출현 전망○ (노무라입깃해파리) : 남해 연안 저밀도 출현 전망"
2023060801 ,"○ (보름달물해파리)    - 06.08. 보름달물해파리 주의단계 특보 발령(전북, 경남)    - 충남, 전북, 경남해역 모니터링 강화"
2023060801 ," ○ (보름달물해파리) : 전북, 경남 일부 해역에 지속적으로 집적되어 출현 전망 ○ (노무라입깃해파리) : 남해연안 저밀도 출현 전망"
2023060801 ,2023.06.01.~06.07.  총 : 28건○노무라입깃해파리 : 1건   - 강원 1건○보름달물해파리 : 12건   - 전남 4건   - 경남 6건   - 강원 2건○커튼원양해파리 : 14건   - 경남 14건○Nemopsis dofleini : 1건   - 강원 1건
2023060100 ,"○ (보름달물해파리) : 전북, 전남, 경남 일부 해역에 집적되어 출현 전망○ (노무라입깃해파리) : 정밀조사 수행 후 전망 예정"
2023060100 ,"○ (보름달물해파리) : 충남, 전북, 전남, 경남 해역 모니터링 강화○ (노무라입깃해파리) : 정밀조사(05.24.~06.04.) 수행"
2023060100 ,2023.05.25.~05.31.  총 : 13건○보름달물해파리 : 8건   - 전북 2건   - 전남 2건   - 경남 2건   - 강원 2건○야광원양해파리 : 1건   - 제주 1건○커튼원양해파리 : 3건   - 경남 3건○무희나선꼬리해파리 : 1건   - 강원 1건
2023052500 ,"○ (보름달물해파리) : 전북, 전남, 경남 일부 해역에 집적되어 출현 전망○ (노무라입깃해파리) : 정밀조사 수행 후 전망 예정"
2023052500 ,2023.05.18.~05.24. 총 : 8건○보름달물해파리 : 6건   - 전남 1건   - 경남 3건   - 강원 2건○작은부레관해파리 : 1건   - 제주 1건○커튼원양해파리 : 1건   - 경남 1건
2023052500 ,"○ (보름달물해파리) : 전북, 전남, 경남 해역 모니터링 강화     -지자체, 유관기관에 전망자료 배포○ (노무라입깃해파리) : 정밀조사(05.24.~06.04.) 수행"
2023051800 ,○ 보름달물해파리 발생 및 출현해역 점차 증가
2023051800 ,"○ 보름달물해파리 출현해역 모니터링 강화(전북, 전남, 경남)○ 노무라입깃해파리 정밀조사(05.24.~06.04.) 수행"
2023051800 ,2023.05.11.~05.17.  총 : 9건○노무라입깃해파리 : 2건   - 경남 1건   - 제주 1건○유령해파리 : 2건   - 경북 1건   - 강원 1건○커튼원양해파리 : 4건   - 경남 4건○무희나선꼬리해파리 : 1건   - 강원 1건
2023051101 , ○ 전년 대비 수온 상승으로 보름달물해파리 발생 및 출현해역 증가
2023051101 ,2023.05.04.~05.10.  총: 4건○커튼원양해파리 : 4건   - 전남 3건   - 강원 1건
2023051101 , ○ 보름달물해파리 출현해역 모니터링 강화
2023051100 ,□ 2023.05.04.~05.10. 총 : 4건○커튼원양해파리 : 4건   - 전남 3건   - 강원 1건
2023051100 ,  ○ 전년 대비 수온 상승으로 보름달물해파리 발생 및 출현해역 증가
2023051100 ,  ○ 보름달물해파리 출현해역 모니터링 강화
2023072700 ,"○ (보름달물해파리)    - 06.08. 보름달물해파리 주의단계 특보 발령(경남)    - 06.19. 보름달물해파리 경계단계 특보 대체발령(전북)    - 충남, 전북, 경남해역 모니터링 강화    ※ 장마가 끝나고, 염분상승함에 따라 표층으로 보름달물해파리가 출현 할 가능성이 높음○ (독성해파리)    - 부산, 경북, 강원, 제주 해역 독성해파리 출현 관련, 지자체 예찰 강화 요청"
2023072700 ,"○ (보름달물해파리) : 서해 연안 전체, 경남 해역에 지속적으로 집적되어 대량출현 전망○ (노무라입깃해파리) : 남해 연안, 동해 연안 저밀도 출현 전망"
2023072700 ,2023.07.20.~07.26.    총 : 35건○보름달물해파리 : 24건   - 충남 1건   - 강원 23건○두빛보름달해파리 : 4건   - 울산 2건   - 강원 2건○야광원양해파리 : 1건   - 제주 1건○유령해파리 : 6건   - 전남 1건   - 경북 1건   - 강원 4건
2023091400 ,"○ (보름달물해파리)    - 06.08. 보름달물해파리 주의단계 특보 발령(경남)    - 06.19. 보름달물해파리 경계단계 특보 대체발령(전북)    - 08.10. 보름달물해파리 경계단계 특보에서 주의단계 특보 대체발령(전북)    - 09.13. 노무라입깃해파리 주의단계 특보발령(전남, 경남)     * 지자체 해파리 제거작업 수행 중 "
2023091400 ,"○ (보름달물해파리) : 전국 연안 보름달물해파리 밀집 출현해역 점진적 감소전망○ (노무라입깃해파리) : 동중국해 북부해역 출현한 일부 개체가 국내 연안으로 유입되면서                      남해 연안, 동해 연안 당분간 저밀도 출현 전망"
2023091400 ,2023.09.07.~09.13.   총 : 21건○노무라입깃해파리 : 1건   - 경남 1건○보름달물해파리 : 7건   - 전북 1건   - 경남 5건   - 강원 1건○작은상자해파리 : 1건   - 경남 1건○유령해파리 : 1건   - 강원 1건○푸른우산관해파리 : 7건   - 제주 7건○쏘임사고 : 2건   - 경남 1건   - 부산 1건○알수없음 : 2건   - 경남 1건   - 제주 1건
2023100500 ,"○ (보름달물해파리)    - 06.08. 주의단계 특보 발령(경남)    - 09.27. 주의단계 특보 해제(전북)○ (노무라입깃해파리)    - 09.13. 주의단계 특보발령(전남, 경남)     * 지자체 해파리 제거작업 수행 중 "
2023100500 ,"○ (보름달물해파리) : 전국 연안 보름달물해파리 산란 후 자연소멸 및 구제작업으로                        인해 밀집 출현해역 점진적 감소전망○ (노무라입깃해파리) : 국내 연안에 유입된 해파리는 해류에 의해 남해 연안, 동해 연안                         당분간 저밀도 출현 전망"
2023100500 ,2023.09.27.~10.04.   총 : 12건○노무라입깃해파리 : 7건   - 경남 1건   - 제주 6건○보름달물해파리 : 2건   - 경남 2건○소워비꽃모자해파리: 1건   - 경기 1건○알수없음 : 2건   - 제주 2건
2023112300 ,○ 전국연안 해파리 특보 해제(11.06.)
2023112300 ,○ (보름달물해파리) : 산란 후 자연 사망으로 감소 전망○ (노무라입깃해파리) : 남해 동부~강원 연안 해파리 저밀도 출현 전망
2023112300 ,2023.11.16.~11.22.  총 : 1건○노무라입깃해파리 : 1건   - 제주 1건
2023120700 ,○ 전국연안 해파리 특보 해제(11.06.)
2023120700 ,○ (보름달물해파리) : 산란 후 자연 사망으로 감소 전망○ (노무라입깃해파리) : 남해 동부~강원 연안 해파리 저밀도 출현 전망
2023120700 ,2023.11.30.~12.06.  총 : 3건○노무라입깃해파리 : 1건   - 제주 1건○유령해파리 : 1건   - 강원 1건○출현없음 : 1건   - 부산 1건
